"record_status","archive_id","archive_sha256","provider","basin_id","basin_name","field_id","field_name","well_id","well_name","wellbore_id","wellbore_name","branch_id","dependence_family_id","platform_id","campaign_id","identity_evidence","dependence_evidence","qualification_status","exclusion_reason_code","candidate_archive_identity_status","candidate_well_values","candidate_field_status","candidate_field_values","candidate_unit_ids","candidate_dependence_family_ids","principal_review_status","notes"
"ACTIVE","T0_GIPPSLAND_001","df2e36993fe6c7cc00403e38ecae832503424ca4167bd1ecf93385e99f88f6a3","NOPIMS","PENDING_BASIN_CONTEXT_VERIFICATION","Gippsland","PENDING_PRINCIPAL_IDENTITY_REVIEW","PENDING_PRINCIPAL_IDENTITY_REVIEW","PENDING_PRINCIPAL_IDENTITY_REVIEW","PENDING_PRINCIPAL_IDENTITY_REVIEW","PENDING_WELLBORE_BRANCH_REVIEW","PENDING_WELLBORE_BRANCH_REVIEW","PENDING_WELLBORE_BRANCH_REVIEW","PENDING_PRINCIPAL_DEPENDENCE_REVIEW","UNKNOWN","UNKNOWN","0725_archive_identity_candidates_v2.csv","0725_dependence_family_candidates_v1.csv","IDENTITY_DEPENDENCE_CANDIDATES_PENDING_PRINCIPAL_REVIEW","","SINGLE_HEADER_WELL_CANDIDATE","Gular-1","SINGLE_HEADER_FIELD_CANDIDATE","Gippsland Basin","UNITCAND_0024","FAMILYCAND_0015","TO_BE_REVIEWED","T0 relative path: D00019177.zip; T1a0 member_count=120; no entry stream opened; T1a1 safe_pass_members=32; all5_candidate_tokens=true"
"ACTIVE","T0_GIPPSLAND_002","ad5fa907d04936b53f5ed55d14f7cd06fe7d8d5724be56e98a06dce077cfc483","NOPIMS","PENDING_BASIN_CONTEXT_VERIFICATION","Gippsland","PENDING_PRINCIPAL_IDENTITY_REVIEW","PENDING_PRINCIPAL_IDENTITY_REVIEW","PENDING_PRINCIPAL_IDENTITY_REVIEW","PENDING_PRINCIPAL_IDENTITY_REVIEW","PENDING_WELLBORE_BRANCH_REVIEW","PENDING_WELLBORE_BRANCH_REVIEW","PENDING_WELLBORE_BRANCH_REVIEW","PENDING_PRINCIPAL_DEPENDENCE_REVIEW","UNKNOWN","UNKNOWN","0725_archive_identity_candidates_v2.csv","0725_dependence_family_candidates_v1.csv","IDENTITY_DEPENDENCE_CANDIDATES_PENDING_PRINCIPAL_REVIEW","","PATH_ONLY_REVIEW_REQUIRED","","NO_HEADER_FIELD_CANDIDATE","","UNITCAND_0025","FAMILYCAND_0016","TO_BE_REVIEWED","T0 relative path: D00019178.zip; T1a0 member_count=735; no entry stream opened; T1a1 safe_pass_members=49; all5_candidate_tokens=true"
"ACTIVE","T0_GIPPSLAND_003","4671c4fe98ef9282f7c22d8495c4f492520e3f1850db9d64c6c9fabf804e4ccf","NOPIMS","PENDING_BASIN_CONTEXT_VERIFICATION","Gippsland","PENDING_PRINCIPAL_IDENTITY_REVIEW","PENDING_PRINCIPAL_IDENTITY_REVIEW","PENDING_PRINCIPAL_IDENTITY_REVIEW","PENDING_PRINCIPAL_IDENTITY_REVIEW","PENDING_WELLBORE_BRANCH_REVIEW","PENDING_WELLBORE_BRANCH_REVIEW","PENDING_WELLBORE_BRANCH_REVIEW","PENDING_PRINCIPAL_DEPENDENCE_REVIEW","UNKNOWN","UNKNOWN","0725_archive_identity_candidates_v2.csv","0725_dependence_family_candidates_v1.csv","IDENTITY_DEPENDENCE_CANDIDATES_PENDING_PRINCIPAL_REVIEW","","PATH_ONLY_REVIEW_REQUIRED","","NO_HEADER_FIELD_CANDIDATE","","UNITCAND_0026","FAMILYCAND_0017","TO_BE_REVIEWED","T0 relative path: P00596424.zip; T1a0 member_count=1097; no entry stream opened; T1a1 safe_pass_members=0; all5_candidate_tokens=false"
"ACTIVE","T0_GIPPSLAND_004","b614b3794db8e579bc7cd0f31a999135604edd2f106a16073b386ebb75fdfbfe","NOPIMS","PENDING_BASIN_CONTEXT_VERIFICATION","Gippsland","PENDING_PRINCIPAL_IDENTITY_REVIEW","PENDING_PRINCIPAL_IDENTITY_REVIEW","PENDING_PRINCIPAL_IDENTITY_REVIEW","PENDING_PRINCIPAL_IDENTITY_REVIEW","PENDING_WELLBORE_BRANCH_REVIEW","PENDING_WELLBORE_BRANCH_REVIEW","PENDING_WELLBORE_BRANCH_REVIEW","PENDING_PRINCIPAL_DEPENDENCE_REVIEW","UNKNOWN","UNKNOWN","0725_archive_identity_candidates_v2.csv","0725_dependence_family_candidates_v1.csv","IDENTITY_DEPENDENCE_CANDIDATES_PENDING_PRINCIPAL_REVIEW","","SINGLE_HEADER_WELL_CANDIDATE","FTA A30A","SINGLE_HEADER_FIELD_CANDIDATE","FORTESCUE | Fortescue","UNITCAND_0027","FAMILYCAND_0018","TO_BE_REVIEWED","T0 relative path: P00596425.zip; T1a0 member_count=200; no entry stream opened; T1a1 safe_pass_members=21; all5_candidate_tokens=true"
"ACTIVE","T0_GIPPSLAND_005","2e42fdb34e0ee95d3e5d72cfaed082010f466033a7cddbe3e25b28177c003299","NOPIMS","PENDING_BASIN_CONTEXT_VERIFICATION","Gippsland","PENDING_PRINCIPAL_IDENTITY_REVIEW","PENDING_PRINCIPAL_IDENTITY_REVIEW","PENDING_PRINCIPAL_IDENTITY_REVIEW","PENDING_PRINCIPAL_IDENTITY_REVIEW","PENDING_WELLBORE_BRANCH_REVIEW","PENDING_WELLBORE_BRANCH_REVIEW","PENDING_WELLBORE_BRANCH_REVIEW","PENDING_PRINCIPAL_DEPENDENCE_REVIEW","UNKNOWN","UNKNOWN","0725_archive_identity_candidates_v2.csv","0725_dependence_family_candidates_v1.csv","IDENTITY_DEPENDENCE_CANDIDATES_PENDING_PRINCIPAL_REVIEW","","SINGLE_HEADER_WELL_CANDIDATE","Elver-1","SINGLE_HEADER_FIELD_CANDIDATE","VIC-P59","UNITCAND_0028","FAMILYCAND_0019","TO_BE_REVIEWED","T0 relative path: P00635896.zip; T1a0 member_count=152; no entry stream opened; T1a1 safe_pass_members=6; all5_candidate_tokens=false"
"ACTIVE","T0_GIPPSLAND_006","f27731b022152c279be8317e7d8c73c51258059bd739c59f93db2333d3892b76","NOPIMS","PENDING_BASIN_CONTEXT_VERIFICATION","Gippsland","PENDING_PRINCIPAL_IDENTITY_REVIEW","PENDING_PRINCIPAL_IDENTITY_REVIEW","PENDING_PRINCIPAL_IDENTITY_REVIEW","PENDING_PRINCIPAL_IDENTITY_REVIEW","PENDING_WELLBORE_BRANCH_REVIEW","PENDING_WELLBORE_BRANCH_REVIEW","PENDING_WELLBORE_BRANCH_REVIEW","PENDING_PRINCIPAL_DEPENDENCE_REVIEW","UNKNOWN","UNKNOWN","0725_archive_identity_candidates_v2.csv","0725_dependence_family_candidates_v1.csv","IDENTITY_DEPENDENCE_CANDIDATES_PENDING_PRINCIPAL_REVIEW","","SINGLE_HEADER_WELL_CANDIDATE","BALDFISH-1","SINGLE_HEADER_FIELD_CANDIDATE","VIC/P70","UNITCAND_0029","FAMILYCAND_0020","TO_BE_REVIEWED","T0 relative path: P00670761.zip; T1a0 member_count=245; no entry stream opened; T1a1 safe_pass_members=2; all5_candidate_tokens=false"
"ACTIVE","T0_GIPPSLAND_007","acb4b0bb00c5bfa7a26b1d426a76fe98c8eb1549e85856d3a1b48c6298bd563a","NOPIMS","PENDING_BASIN_CONTEXT_VERIFICATION","Gippsland","PENDING_PRINCIPAL_IDENTITY_REVIEW","PENDING_PRINCIPAL_IDENTITY_REVIEW","PENDING_PRINCIPAL_IDENTITY_REVIEW","PENDING_PRINCIPAL_IDENTITY_REVIEW","PENDING_WELLBORE_BRANCH_REVIEW","PENDING_WELLBORE_BRANCH_REVIEW","PENDING_WELLBORE_BRANCH_REVIEW","PENDING_PRINCIPAL_DEPENDENCE_REVIEW","UNKNOWN","UNKNOWN","0725_archive_identity_candidates_v2.csv","0725_dependence_family_candidates_v1.csv","IDENTITY_DEPENDENCE_CANDIDATES_PENDING_PRINCIPAL_REVIEW","","SINGLE_HEADER_WELL_CANDIDATE","Baldfish-1","SINGLE_HEADER_FIELD_CANDIDATE","Baldfish","UNITCAND_0030","FAMILYCAND_0020","TO_BE_REVIEWED","T0 relative path: P00670762.zip; T1a0 member_count=92; no entry stream opened; T1a1 safe_pass_members=29; all5_candidate_tokens=true"
"ACTIVE","T0_GIPPSLAND_008","98efce34698840a95fa5fc99df30598871c8cea49e696bdca4bb53fbf42e7445","NOPIMS","PENDING_BASIN_CONTEXT_VERIFICATION","Gippsland","PENDING_PRINCIPAL_IDENTITY_REVIEW","PENDING_PRINCIPAL_IDENTITY_REVIEW","PENDING_PRINCIPAL_IDENTITY_REVIEW","PENDING_PRINCIPAL_IDENTITY_REVIEW","PENDING_WELLBORE_BRANCH_REVIEW","PENDING_WELLBORE_BRANCH_REVIEW","PENDING_WELLBORE_BRANCH_REVIEW","PENDING_PRINCIPAL_DEPENDENCE_REVIEW","UNKNOWN","UNKNOWN","0725_archive_identity_candidates_v2.csv","0725_dependence_family_candidates_v1.csv","IDENTITY_DEPENDENCE_CANDIDATES_PENDING_PRINCIPAL_REVIEW","","SINGLE_HEADER_WELL_CANDIDATE","CBA F35 | CBA-F35","SINGLE_HEADER_FIELD_CANDIDATE","Fortescue","UNITCAND_0031","FAMILYCAND_0021","TO_BE_REVIEWED","T0 relative path: P00685207.zip; T1a0 member_count=81; no entry stream opened; T1a1 safe_pass_members=8; all5_candidate_tokens=true"
"ACTIVE","T0_GIPPSLAND_009","46e2a5bc72c8bcc5f78a75d30e535125496e03b0b21e206a0bd945b6c557f85a","NOPIMS","PENDING_BASIN_CONTEXT_VERIFICATION","Gippsland","PENDING_PRINCIPAL_IDENTITY_REVIEW","PENDING_PRINCIPAL_IDENTITY_REVIEW","PENDING_PRINCIPAL_IDENTITY_REVIEW","PENDING_PRINCIPAL_IDENTITY_REVIEW","PENDING_WELLBORE_BRANCH_REVIEW","PENDING_WELLBORE_BRANCH_REVIEW","PENDING_WELLBORE_BRANCH_REVIEW","PENDING_PRINCIPAL_DEPENDENCE_REVIEW","UNKNOWN","UNKNOWN","0725_archive_identity_candidates_v2.csv","0725_dependence_family_candidates_v1.csv","IDENTITY_DEPENDENCE_CANDIDATES_PENDING_PRINCIPAL_REVIEW","","MULTIPLE_HEADER_WELL_CANDIDATES","ANY ET AL 01-02-03-04 | Big Well #1 | Example etal Oil 1-2-3-4 | Rue NEWTON 7","MULTIPLE_HEADER_FIELD_CANDIDATES","BLANC MESNIL | Oilfield | WILDCAT","UNITCAND_0032|UNITCAND_0033|UNITCAND_0034|UNITCAND_0035","FAMILYCAND_0022|FAMILYCAND_0023|FAMILYCAND_0024|FAMILYCAND_0025","TO_BE_REVIEWED","T0 relative path: P00685209.zip; T1a0 member_count=6889; no entry stream opened; T1a1 safe_pass_members=10; all5_candidate_tokens=false"
"ACTIVE","T0_GIPPSLAND_010","f2f72b7911693cee2232dca2796cd2186004f81e9ddcf48bfcf2e3b9f8f252e8","NOPIMS","PENDING_BASIN_CONTEXT_VERIFICATION","Gippsland","PENDING_PRINCIPAL_IDENTITY_REVIEW","PENDING_PRINCIPAL_IDENTITY_REVIEW","PENDING_PRINCIPAL_IDENTITY_REVIEW","PENDING_PRINCIPAL_IDENTITY_REVIEW","PENDING_WELLBORE_BRANCH_REVIEW","PENDING_WELLBORE_BRANCH_REVIEW","PENDING_WELLBORE_BRANCH_REVIEW","PENDING_PRINCIPAL_DEPENDENCE_REVIEW","UNKNOWN","UNKNOWN","0725_archive_identity_candidates_v2.csv","0725_dependence_family_candidates_v1.csv","IDENTITY_DEPENDENCE_CANDIDATES_PENDING_PRINCIPAL_REVIEW","","SINGLE_HEADER_WELL_CANDIDATE","Hairtail-1","SINGLE_HEADER_FIELD_CANDIDATE","Hairtail","UNITCAND_0036","FAMILYCAND_0026","TO_BE_REVIEWED","T0 relative path: P00712821.zip; T1a0 member_count=55; no entry stream opened; T1a1 safe_pass_members=9; all5_candidate_tokens=true"
"ACTIVE","T0_GIPPSLAND_011","3d45f5b425b08cf5cab688339de96f65b43ad079f867861a3af8857e32e41535","NOPIMS","PENDING_BASIN_CONTEXT_VERIFICATION","Gippsland","PENDING_PRINCIPAL_IDENTITY_REVIEW","PENDING_PRINCIPAL_IDENTITY_REVIEW","PENDING_PRINCIPAL_IDENTITY_REVIEW","PENDING_PRINCIPAL_IDENTITY_REVIEW","PENDING_WELLBORE_BRANCH_REVIEW","PENDING_WELLBORE_BRANCH_REVIEW","PENDING_WELLBORE_BRANCH_REVIEW","PENDING_PRINCIPAL_DEPENDENCE_REVIEW","UNKNOWN","UNKNOWN","0725_archive_identity_candidates_v2.csv","0725_dependence_family_candidates_v1.csv","IDENTITY_DEPENDENCE_CANDIDATES_PENDING_PRINCIPAL_REVIEW","","SINGLE_HEADER_WELL_CANDIDATE","HAIRTAIL-1","SINGLE_HEADER_FIELD_CANDIDATE","VIC/P70","UNITCAND_0037","FAMILYCAND_0026","TO_BE_REVIEWED","T0 relative path: P00712822.zip; T1a0 member_count=278; no entry stream opened; T1a1 safe_pass_members=2; all5_candidate_tokens=false"
"ACTIVE","T0_OTWAY_001","6c716f016f2df2e9770b0162fe71247f5ec386ffdb2433de3a191672080e3729","NOPIMS","PENDING_BASIN_CONTEXT_VERIFICATION","Otway","PENDING_PRINCIPAL_IDENTITY_REVIEW","PENDING_PRINCIPAL_IDENTITY_REVIEW","PENDING_PRINCIPAL_IDENTITY_REVIEW","PENDING_PRINCIPAL_IDENTITY_REVIEW","PENDING_WELLBORE_BRANCH_REVIEW","PENDING_WELLBORE_BRANCH_REVIEW","PENDING_WELLBORE_BRANCH_REVIEW","PENDING_PRINCIPAL_DEPENDENCE_REVIEW","UNKNOWN","UNKNOWN","0725_archive_identity_candidates_v2.csv","0725_dependence_family_candidates_v1.csv","IDENTITY_DEPENDENCE_CANDIDATES_PENDING_PRINCIPAL_REVIEW","","SINGLE_HEADER_WELL_CANDIDATE","Annie-1","SINGLE_HEADER_FIELD_CANDIDATE","Annie","UNITCAND_0050","FAMILYCAND_0036","TO_BE_REVIEWED","T0 relative path: D00018987.zip; T1a0 member_count=101; no entry stream opened; T1a1 safe_pass_members=3; all5_candidate_tokens=false"
"ACTIVE","T0_OTWAY_002","0804f84cd3dd497d401973210ef2dc79420ae36493ae6e6b6896c8b56faa434d","NOPIMS","PENDING_BASIN_CONTEXT_VERIFICATION","Otway","PENDING_PRINCIPAL_IDENTITY_REVIEW","PENDING_PRINCIPAL_IDENTITY_REVIEW","PENDING_PRINCIPAL_IDENTITY_REVIEW","PENDING_PRINCIPAL_IDENTITY_REVIEW","PENDING_WELLBORE_BRANCH_REVIEW","PENDING_WELLBORE_BRANCH_REVIEW","PENDING_WELLBORE_BRANCH_REVIEW","PENDING_PRINCIPAL_DEPENDENCE_REVIEW","UNKNOWN","UNKNOWN","0725_archive_identity_candidates_v2.csv","0725_dependence_family_candidates_v1.csv","IDENTITY_DEPENDENCE_CANDIDATES_PENDING_PRINCIPAL_REVIEW","","SINGLE_HEADER_WELL_CANDIDATE","Annie-1","MULTIPLE_HEADER_FIELD_CANDIDATES","Annie | Exploration | VIC-P44","UNITCAND_0051","FAMILYCAND_0036","TO_BE_REVIEWED","T0 relative path: D00018988.zip; T1a0 member_count=73; no entry stream opened; T1a1 safe_pass_members=18; all5_candidate_tokens=true"
"ACTIVE","T0_OTWAY_003","3a008f0abd2fcf3b3b701501f744795fdb3e606a1463e5b63ca5c7de531c764e","NOPIMS","PENDING_BASIN_CONTEXT_VERIFICATION","Otway","PENDING_PRINCIPAL_IDENTITY_REVIEW","PENDING_PRINCIPAL_IDENTITY_REVIEW","PENDING_PRINCIPAL_IDENTITY_REVIEW","PENDING_PRINCIPAL_IDENTITY_REVIEW","PENDING_WELLBORE_BRANCH_REVIEW","PENDING_WELLBORE_BRANCH_REVIEW","PENDING_WELLBORE_BRANCH_REVIEW","PENDING_PRINCIPAL_DEPENDENCE_REVIEW","UNKNOWN","UNKNOWN","0725_archive_identity_candidates_v2.csv","0725_dependence_family_candidates_v1.csv","IDENTITY_DEPENDENCE_CANDIDATES_PENDING_PRINCIPAL_REVIEW","","SINGLE_HEADER_WELL_CANDIDATE","Geographe 5","SINGLE_HEADER_FIELD_CANDIDATE","Geographe","UNITCAND_0052","FAMILYCAND_0037","TO_BE_REVIEWED","T0 relative path: D00019996.zip; T1a0 member_count=8; no entry stream opened; T1a1 safe_pass_members=5; all5_candidate_tokens=true"
"ACTIVE","T0_OTWAY_004","fc7c2ff8d27fd7e15b7f7c7de7ea2f8648f513fa5bf536fe4259a843f6187958","NOPIMS","PENDING_BASIN_CONTEXT_VERIFICATION","Otway","PENDING_PRINCIPAL_IDENTITY_REVIEW","PENDING_PRINCIPAL_IDENTITY_REVIEW","PENDING_PRINCIPAL_IDENTITY_REVIEW","PENDING_PRINCIPAL_IDENTITY_REVIEW","PENDING_WELLBORE_BRANCH_REVIEW","PENDING_WELLBORE_BRANCH_REVIEW","PENDING_WELLBORE_BRANCH_REVIEW","PENDING_PRINCIPAL_DEPENDENCE_REVIEW","UNKNOWN","UNKNOWN","0725_archive_identity_candidates_v2.csv","0725_dependence_family_candidates_v1.csv","IDENTITY_DEPENDENCE_CANDIDATES_PENDING_PRINCIPAL_REVIEW","","SINGLE_HEADER_WELL_CANDIDATE","Geographe 5","SINGLE_HEADER_FIELD_CANDIDATE","Geographe","UNITCAND_0053","FAMILYCAND_0037","TO_BE_REVIEWED","T0 relative path: D00019997.zip; T1a0 member_count=48; no entry stream opened; T1a1 safe_pass_members=3; all5_candidate_tokens=false"
"ACTIVE","T0_OTWAY_005","78a94e85b950d334d94d58a8789f1ec0c9a3f6e6631cfc5f301d8a513e0c71d7","NOPIMS","PENDING_BASIN_CONTEXT_VERIFICATION","Otway","PENDING_PRINCIPAL_IDENTITY_REVIEW","PENDING_PRINCIPAL_IDENTITY_REVIEW","PENDING_PRINCIPAL_IDENTITY_REVIEW","PENDING_PRINCIPAL_IDENTITY_REVIEW","PENDING_WELLBORE_BRANCH_REVIEW","PENDING_WELLBORE_BRANCH_REVIEW","PENDING_WELLBORE_BRANCH_REVIEW","PENDING_PRINCIPAL_DEPENDENCE_REVIEW","UNKNOWN","UNKNOWN","0725_archive_identity_candidates_v2.csv","0725_dependence_family_candidates_v1.csv","IDENTITY_DEPENDENCE_CANDIDATES_PENDING_PRINCIPAL_REVIEW","","PATH_ONLY_REVIEW_REQUIRED","","NO_HEADER_FIELD_CANDIDATE","","UNITCAND_0054","FAMILYCAND_0038","TO_BE_REVIEWED","T0 relative path: D00019998.zip; T1a0 member_count=393; no entry stream opened; T1a1 safe_pass_members=0; all5_candidate_tokens=false"
"ACTIVE","T0_OTWAY_006","adcdf0aa67eb6c2c38573f9c5df7ccb298693db6cf72b4f6611173ad14f91e27","NOPIMS","PENDING_BASIN_CONTEXT_VERIFICATION","Otway","PENDING_PRINCIPAL_IDENTITY_REVIEW","PENDING_PRINCIPAL_IDENTITY_REVIEW","PENDING_PRINCIPAL_IDENTITY_REVIEW","PENDING_PRINCIPAL_IDENTITY_REVIEW","PENDING_WELLBORE_BRANCH_REVIEW","PENDING_WELLBORE_BRANCH_REVIEW","PENDING_WELLBORE_BRANCH_REVIEW","PENDING_PRINCIPAL_DEPENDENCE_REVIEW","UNKNOWN","UNKNOWN","0725_archive_identity_candidates_v2.csv","0725_dependence_family_candidates_v1.csv","IDENTITY_DEPENDENCE_CANDIDATES_PENDING_PRINCIPAL_REVIEW","","SINGLE_HEADER_WELL_CANDIDATE","Geographe 4","SINGLE_HEADER_FIELD_CANDIDATE","Geographe","UNITCAND_0055","FAMILYCAND_0039","TO_BE_REVIEWED","T0 relative path: D00020000.zip; T1a0 member_count=65; no entry stream opened; T1a1 safe_pass_members=11; all5_candidate_tokens=true"
"ACTIVE","T0_OTWAY_007","e0fac072ed0ea36a98aa4d9e0333944ddfe7af5fac8ab5cd37eacc5288529063","NOPIMS","PENDING_BASIN_CONTEXT_VERIFICATION","Otway","PENDING_PRINCIPAL_IDENTITY_REVIEW","PENDING_PRINCIPAL_IDENTITY_REVIEW","PENDING_PRINCIPAL_IDENTITY_REVIEW","PENDING_PRINCIPAL_IDENTITY_REVIEW","PENDING_WELLBORE_BRANCH_REVIEW","PENDING_WELLBORE_BRANCH_REVIEW","PENDING_WELLBORE_BRANCH_REVIEW","PENDING_PRINCIPAL_DEPENDENCE_REVIEW","UNKNOWN","UNKNOWN","0725_archive_identity_candidates_v2.csv","0725_dependence_family_candidates_v1.csv","IDENTITY_DEPENDENCE_CANDIDATES_PENDING_PRINCIPAL_REVIEW","","PATH_ONLY_REVIEW_REQUIRED","","NO_HEADER_FIELD_CANDIDATE","","UNITCAND_0056","FAMILYCAND_0040","TO_BE_REVIEWED","T0 relative path: D00020001.zip; T1a0 member_count=336; no entry stream opened; T1a1 safe_pass_members=0; all5_candidate_tokens=false"
"ACTIVE","T0_OTWAY_008","4a375650fca8e9bacbc09656cc0715cddb541a9fb922b5197a52ed0aa5104867","NOPIMS","PENDING_BASIN_CONTEXT_VERIFICATION","Otway","PENDING_PRINCIPAL_IDENTITY_REVIEW","PENDING_PRINCIPAL_IDENTITY_REVIEW","PENDING_PRINCIPAL_IDENTITY_REVIEW","PENDING_PRINCIPAL_IDENTITY_REVIEW","PENDING_WELLBORE_BRANCH_REVIEW","PENDING_WELLBORE_BRANCH_REVIEW","PENDING_WELLBORE_BRANCH_REVIEW","PENDING_PRINCIPAL_DEPENDENCE_REVIEW","UNKNOWN","UNKNOWN","0725_archive_identity_candidates_v2.csv","0725_dependence_family_candidates_v1.csv","IDENTITY_DEPENDENCE_CANDIDATES_PENDING_PRINCIPAL_REVIEW","","SINGLE_HEADER_WELL_CANDIDATE","Thylacine North 1","SINGLE_HEADER_FIELD_CANDIDATE","Thylacine","UNITCAND_0057","FAMILYCAND_0041","TO_BE_REVIEWED","T0 relative path: D00020052.zip; T1a0 member_count=35; no entry stream opened; T1a1 safe_pass_members=6; all5_candidate_tokens=true"
"ACTIVE","T0_OTWAY_009","21849ba220f393029cb57fb0687347f42656fd1acb018fdd013e5b3faf94a4ae","NOPIMS","PENDING_BASIN_CONTEXT_VERIFICATION","Otway","PENDING_PRINCIPAL_IDENTITY_REVIEW","PENDING_PRINCIPAL_IDENTITY_REVIEW","PENDING_PRINCIPAL_IDENTITY_REVIEW","PENDING_PRINCIPAL_IDENTITY_REVIEW","PENDING_WELLBORE_BRANCH_REVIEW","PENDING_WELLBORE_BRANCH_REVIEW","PENDING_WELLBORE_BRANCH_REVIEW","PENDING_PRINCIPAL_DEPENDENCE_REVIEW","UNKNOWN","UNKNOWN","0725_archive_identity_candidates_v2.csv","0725_dependence_family_candidates_v1.csv","IDENTITY_DEPENDENCE_CANDIDATES_PENDING_PRINCIPAL_REVIEW","","PATH_ONLY_REVIEW_REQUIRED","","NO_HEADER_FIELD_CANDIDATE","","UNITCAND_0058","FAMILYCAND_0042","TO_BE_REVIEWED","T0 relative path: D00020053.zip; T1a0 member_count=204; no entry stream opened; T1a1 safe_pass_members=0; all5_candidate_tokens=false"
"ACTIVE","T0_OTWAY_010","36c0b6d7c9639145f72b57f339fdebac7def224ed34c4673d96ed9a687a2513f","NOPIMS","PENDING_BASIN_CONTEXT_VERIFICATION","Otway","PENDING_PRINCIPAL_IDENTITY_REVIEW","PENDING_PRINCIPAL_IDENTITY_REVIEW","PENDING_PRINCIPAL_IDENTITY_REVIEW","PENDING_PRINCIPAL_IDENTITY_REVIEW","PENDING_WELLBORE_BRANCH_REVIEW","PENDING_WELLBORE_BRANCH_REVIEW","PENDING_WELLBORE_BRANCH_REVIEW","PENDING_PRINCIPAL_DEPENDENCE_REVIEW","UNKNOWN","UNKNOWN","0725_archive_identity_candidates_v2.csv","0725_dependence_family_candidates_v1.csv","IDENTITY_DEPENDENCE_CANDIDATES_PENDING_PRINCIPAL_REVIEW","","PATH_ONLY_REVIEW_REQUIRED","","NO_HEADER_FIELD_CANDIDATE","","UNITCAND_0059","FAMILYCAND_0043","TO_BE_REVIEWED","T0 relative path: I00015002.zip; T1a0 member_count=10; no entry stream opened; T1a1 safe_pass_members=0; all5_candidate_tokens=false"
"ACTIVE","T0_OTWAY_011","d0fb145e8fa297e6639c257557636c1a6c0ef49dc6f15b2245f1155c607fe55e","NOPIMS","PENDING_BASIN_CONTEXT_VERIFICATION","Otway","PENDING_PRINCIPAL_IDENTITY_REVIEW","PENDING_PRINCIPAL_IDENTITY_REVIEW","PENDING_PRINCIPAL_IDENTITY_REVIEW","PENDING_PRINCIPAL_IDENTITY_REVIEW","PENDING_WELLBORE_BRANCH_REVIEW","PENDING_WELLBORE_BRANCH_REVIEW","PENDING_WELLBORE_BRANCH_REVIEW","PENDING_PRINCIPAL_DEPENDENCE_REVIEW","UNKNOWN","UNKNOWN","0725_archive_identity_candidates_v2.csv","0725_dependence_family_candidates_v1.csv","IDENTITY_DEPENDENCE_CANDIDATES_PENDING_PRINCIPAL_REVIEW","","SINGLE_HEADER_WELL_CANDIDATE","Thistle-1 | Thistle 1","SINGLE_HEADER_FIELD_CANDIDATE","Thistle","UNITCAND_0060","FAMILYCAND_0044","TO_BE_REVIEWED","T0 relative path: P00523860.zip; T1a0 member_count=153; no entry stream opened; T1a1 safe_pass_members=64; all5_candidate_tokens=true"
"ACTIVE","T0_OTWAY_012","5fb0eb4cc2d8828a26c393e550976eab4b63456b2410663e878e7aef6e48c497","NOPIMS","PENDING_BASIN_CONTEXT_VERIFICATION","Otway","PENDING_PRINCIPAL_IDENTITY_REVIEW","PENDING_PRINCIPAL_IDENTITY_REVIEW","PENDING_PRINCIPAL_IDENTITY_REVIEW","PENDING_PRINCIPAL_IDENTITY_REVIEW","PENDING_WELLBORE_BRANCH_REVIEW","PENDING_WELLBORE_BRANCH_REVIEW","PENDING_WELLBORE_BRANCH_REVIEW","PENDING_PRINCIPAL_DEPENDENCE_REVIEW","UNKNOWN","UNKNOWN","0725_archive_identity_candidates_v2.csv","0725_dependence_family_candidates_v1.csv","IDENTITY_DEPENDENCE_CANDIDATES_PENDING_PRINCIPAL_REVIEW","","SINGLE_HEADER_WELL_CANDIDATE","Pecten East 1","MULTIPLE_HEADER_FIELD_CANDIDATES","Gas / Oil Exploration | Otway","UNITCAND_0061","FAMILYCAND_0045","TO_BE_REVIEWED","T0 relative path: P00635720.zip; T1a0 member_count=207; no entry stream opened; T1a1 safe_pass_members=9; all5_candidate_tokens=false"
"ACTIVE","T0_NORTHERN_CARNARVON_001","80a44ca1c15c695a1e228280a7bb1289dafe3ab955a3521ceb5f33532d58f11d","NOPIMS","PENDING_BASIN_CONTEXT_VERIFICATION","Northern Carnarvon","PENDING_PRINCIPAL_IDENTITY_REVIEW","PENDING_PRINCIPAL_IDENTITY_REVIEW","PENDING_PRINCIPAL_IDENTITY_REVIEW","PENDING_PRINCIPAL_IDENTITY_REVIEW","PENDING_WELLBORE_BRANCH_REVIEW","PENDING_WELLBORE_BRANCH_REVIEW","PENDING_WELLBORE_BRANCH_REVIEW","PENDING_PRINCIPAL_DEPENDENCE_REVIEW","UNKNOWN","UNKNOWN","0725_archive_identity_candidates_v2.csv","0725_dependence_family_candidates_v1.csv","IDENTITY_DEPENDENCE_CANDIDATES_PENDING_PRINCIPAL_REVIEW","","SINGLE_HEADER_WELL_CANDIDATE","Test","SINGLE_HEADER_FIELD_CANDIDATE","Test","UNITCAND_0038","FAMILYCAND_0027","TO_BE_REVIEWED","T0 relative path: D00018890.zip; T1a0 member_count=85; no entry stream opened; T1a1 safe_pass_members=1; all5_candidate_tokens=false"
"ACTIVE","T0_NORTHERN_CARNARVON_002","f0f269a0ee95c5318fd40e714ac067c35f48ca3bc20241d06573e57cb1151818","NOPIMS","PENDING_BASIN_CONTEXT_VERIFICATION","Northern Carnarvon","PENDING_PRINCIPAL_IDENTITY_REVIEW","PENDING_PRINCIPAL_IDENTITY_REVIEW","PENDING_PRINCIPAL_IDENTITY_REVIEW","PENDING_PRINCIPAL_IDENTITY_REVIEW","PENDING_WELLBORE_BRANCH_REVIEW","PENDING_WELLBORE_BRANCH_REVIEW","PENDING_WELLBORE_BRANCH_REVIEW","PENDING_PRINCIPAL_DEPENDENCE_REVIEW","UNKNOWN","UNKNOWN","0725_archive_identity_candidates_v2.csv","0725_dependence_family_candidates_v1.csv","IDENTITY_DEPENDENCE_CANDIDATES_PENDING_PRINCIPAL_REVIEW","","SINGLE_HEADER_WELL_CANDIDATE","Achernar-1","SINGLE_HEADER_FIELD_CANDIDATE","WA-28-P","UNITCAND_0039","FAMILYCAND_0028","TO_BE_REVIEWED","T0 relative path: D00018891.zip; T1a0 member_count=78; no entry stream opened; T1a1 safe_pass_members=16; all5_candidate_tokens=true"
"ACTIVE","T0_NORTHERN_CARNARVON_003","e85dbac51e30e4f3df9c2acbc75e650c7a151c247584b44bbec4745ad640e291","NOPIMS","PENDING_BASIN_CONTEXT_VERIFICATION","Northern Carnarvon","PENDING_PRINCIPAL_IDENTITY_REVIEW","PENDING_PRINCIPAL_IDENTITY_REVIEW","PENDING_PRINCIPAL_IDENTITY_REVIEW","PENDING_PRINCIPAL_IDENTITY_REVIEW","PENDING_WELLBORE_BRANCH_REVIEW","PENDING_WELLBORE_BRANCH_REVIEW","PENDING_WELLBORE_BRANCH_REVIEW","PENDING_PRINCIPAL_DEPENDENCE_REVIEW","UNKNOWN","UNKNOWN","0725_archive_identity_candidates_v2.csv","0725_dependence_family_candidates_v1.csv","IDENTITY_DEPENDENCE_CANDIDATES_PENDING_PRINCIPAL_REVIEW","","SINGLE_HEADER_WELL_CANDIDATE","Corvus-2","SINGLE_HEADER_FIELD_CANDIDATE","Corvus","UNITCAND_0040","FAMILYCAND_0029","TO_BE_REVIEWED","T0 relative path: D00019153.zip; T1a0 member_count=43; no entry stream opened; T1a1 safe_pass_members=10; all5_candidate_tokens=true"
"ACTIVE","T0_NORTHERN_CARNARVON_004","3f93a67d9ef03a3773646ae3584e72128fbea7677fe490577b2a6d72254d4d19","NOPIMS","PENDING_BASIN_CONTEXT_VERIFICATION","Northern Carnarvon","PENDING_PRINCIPAL_IDENTITY_REVIEW","PENDING_PRINCIPAL_IDENTITY_REVIEW","PENDING_PRINCIPAL_IDENTITY_REVIEW","PENDING_PRINCIPAL_IDENTITY_REVIEW","PENDING_WELLBORE_BRANCH_REVIEW","PENDING_WELLBORE_BRANCH_REVIEW","PENDING_WELLBORE_BRANCH_REVIEW","PENDING_PRINCIPAL_DEPENDENCE_REVIEW","UNKNOWN","UNKNOWN","0725_archive_identity_candidates_v2.csv","0725_dependence_family_candidates_v1.csv","IDENTITY_DEPENDENCE_CANDIDATES_PENDING_PRINCIPAL_REVIEW","","SINGLE_HEADER_WELL_CANDIDATE","Corvus-2","SINGLE_HEADER_FIELD_CANDIDATE","Corvus","UNITCAND_0041","FAMILYCAND_0029","TO_BE_REVIEWED","T0 relative path: D00019154.zip; T1a0 member_count=61; no entry stream opened; T1a1 safe_pass_members=42; all5_candidate_tokens=true"
"ACTIVE","T0_NORTHERN_CARNARVON_005","cf482bfa372205adcc4cdf135c79f766253faa0dd568de930b0f21679f173130","NOPIMS","PENDING_BASIN_CONTEXT_VERIFICATION","Northern Carnarvon","PENDING_PRINCIPAL_IDENTITY_REVIEW","PENDING_PRINCIPAL_IDENTITY_REVIEW","PENDING_PRINCIPAL_IDENTITY_REVIEW","PENDING_PRINCIPAL_IDENTITY_REVIEW","PENDING_WELLBORE_BRANCH_REVIEW","PENDING_WELLBORE_BRANCH_REVIEW","PENDING_WELLBORE_BRANCH_REVIEW","PENDING_PRINCIPAL_DEPENDENCE_REVIEW","UNKNOWN","UNKNOWN","0725_archive_identity_candidates_v2.csv","0725_dependence_family_candidates_v1.csv","IDENTITY_DEPENDENCE_CANDIDATES_PENDING_PRINCIPAL_REVIEW","","SINGLE_HEADER_WELL_CANDIDATE","JZI-3C","SINGLE_HEADER_FIELD_CANDIDATE","Jansz-Io","UNITCAND_0042","FAMILYCAND_0030","TO_BE_REVIEWED","T0 relative path: D00019656.zip; T1a0 member_count=44; no entry stream opened; T1a1 safe_pass_members=9; all5_candidate_tokens=true"
"ACTIVE","T0_NORTHERN_CARNARVON_006","74368f1fdf9d4abd885baa113084648db0c5fe2bddbde7fe4cbce01bbebdda34","NOPIMS","PENDING_BASIN_CONTEXT_VERIFICATION","Northern Carnarvon","PENDING_PRINCIPAL_IDENTITY_REVIEW","PENDING_PRINCIPAL_IDENTITY_REVIEW","PENDING_PRINCIPAL_IDENTITY_REVIEW","PENDING_PRINCIPAL_IDENTITY_REVIEW","PENDING_WELLBORE_BRANCH_REVIEW","PENDING_WELLBORE_BRANCH_REVIEW","PENDING_WELLBORE_BRANCH_REVIEW","PENDING_PRINCIPAL_DEPENDENCE_REVIEW","UNKNOWN","UNKNOWN","0725_archive_identity_candidates_v2.csv","0725_dependence_family_candidates_v1.csv","IDENTITY_DEPENDENCE_CANDIDATES_PENDING_PRINCIPAL_REVIEW","","PATH_ONLY_REVIEW_REQUIRED","","NO_HEADER_FIELD_CANDIDATE","","UNITCAND_0043","FAMILYCAND_0031","TO_BE_REVIEWED","T0 relative path: D00019657.zip; T1a0 member_count=94; no entry stream opened; T1a1 safe_pass_members=46; all5_candidate_tokens=true"
"ACTIVE","T0_NORTHERN_CARNARVON_007","783ed8a857a6665dced8fffeda841c4a4b4c654b36628410107edbd7db98bef4","NOPIMS","PENDING_BASIN_CONTEXT_VERIFICATION","Northern Carnarvon","PENDING_PRINCIPAL_IDENTITY_REVIEW","PENDING_PRINCIPAL_IDENTITY_REVIEW","PENDING_PRINCIPAL_IDENTITY_REVIEW","PENDING_PRINCIPAL_IDENTITY_REVIEW","PENDING_WELLBORE_BRANCH_REVIEW","PENDING_WELLBORE_BRANCH_REVIEW","PENDING_WELLBORE_BRANCH_REVIEW","PENDING_PRINCIPAL_DEPENDENCE_REVIEW","UNKNOWN","UNKNOWN","0725_archive_identity_candidates_v2.csv","0725_dependence_family_candidates_v1.csv","IDENTITY_DEPENDENCE_CANDIDATES_PENDING_PRINCIPAL_REVIEW","","SINGLE_HEADER_WELL_CANDIDATE","GOR-4C","SINGLE_HEADER_FIELD_CANDIDATE","GORGON STAGE 2","UNITCAND_0044","FAMILYCAND_0032","TO_BE_REVIEWED","T0 relative path: D00019764.zip; T1a0 member_count=126; no entry stream opened; T1a1 safe_pass_members=60; all5_candidate_tokens=true"
"ACTIVE","T0_NORTHERN_CARNARVON_008","ce6ce4b8f7eafe0d0a85c9aa1dc0920d3a1aaad69f00e534a35dca226d912324","NOPIMS","PENDING_BASIN_CONTEXT_VERIFICATION","Northern Carnarvon","PENDING_PRINCIPAL_IDENTITY_REVIEW","PENDING_PRINCIPAL_IDENTITY_REVIEW","PENDING_PRINCIPAL_IDENTITY_REVIEW","PENDING_PRINCIPAL_IDENTITY_REVIEW","PENDING_WELLBORE_BRANCH_REVIEW","PENDING_WELLBORE_BRANCH_REVIEW","PENDING_WELLBORE_BRANCH_REVIEW","PENDING_PRINCIPAL_DEPENDENCE_REVIEW","UNKNOWN","UNKNOWN","0725_archive_identity_candidates_v2.csv","0725_dependence_family_candidates_v1.csv","IDENTITY_DEPENDENCE_CANDIDATES_PENDING_PRINCIPAL_REVIEW","","SINGLE_HEADER_WELL_CANDIDATE","GOR-4C","SINGLE_HEADER_FIELD_CANDIDATE","Gorgon","UNITCAND_0045","FAMILYCAND_0032","TO_BE_REVIEWED","T0 relative path: D00019765.zip; T1a0 member_count=91; no entry stream opened; T1a1 safe_pass_members=12; all5_candidate_tokens=true"
"ACTIVE","T0_NORTHERN_CARNARVON_009","a9878259481bf1c9335f15648f9362a816244709ae11750f102e7ee0a21e67c0","NOPIMS","PENDING_BASIN_CONTEXT_VERIFICATION","Northern Carnarvon","PENDING_PRINCIPAL_IDENTITY_REVIEW","PENDING_PRINCIPAL_IDENTITY_REVIEW","PENDING_PRINCIPAL_IDENTITY_REVIEW","PENDING_PRINCIPAL_IDENTITY_REVIEW","PENDING_WELLBORE_BRANCH_REVIEW","PENDING_WELLBORE_BRANCH_REVIEW","PENDING_WELLBORE_BRANCH_REVIEW","PENDING_PRINCIPAL_DEPENDENCE_REVIEW","UNKNOWN","UNKNOWN","0725_archive_identity_candidates_v2.csv","0725_dependence_family_candidates_v1.csv","IDENTITY_DEPENDENCE_CANDIDATES_PENDING_PRINCIPAL_REVIEW","","SINGLE_HEADER_WELL_CANDIDATE","GOR-1B","SINGLE_HEADER_FIELD_CANDIDATE","Gorgon","UNITCAND_0046","FAMILYCAND_0033","TO_BE_REVIEWED","T0 relative path: D00019938.zip; T1a0 member_count=66; no entry stream opened; T1a1 safe_pass_members=11; all5_candidate_tokens=true"
"ACTIVE","T0_NORTHERN_CARNARVON_010","fa16f3e35f132344355728a14dc226e500f5df2fdd41a61940e153048e90932b","NOPIMS","PENDING_BASIN_CONTEXT_VERIFICATION","Northern Carnarvon","PENDING_PRINCIPAL_IDENTITY_REVIEW","PENDING_PRINCIPAL_IDENTITY_REVIEW","PENDING_PRINCIPAL_IDENTITY_REVIEW","PENDING_PRINCIPAL_IDENTITY_REVIEW","PENDING_WELLBORE_BRANCH_REVIEW","PENDING_WELLBORE_BRANCH_REVIEW","PENDING_WELLBORE_BRANCH_REVIEW","PENDING_PRINCIPAL_DEPENDENCE_REVIEW","UNKNOWN","UNKNOWN","0725_archive_identity_candidates_v2.csv","0725_dependence_family_candidates_v1.csv","IDENTITY_DEPENDENCE_CANDIDATES_PENDING_PRINCIPAL_REVIEW","","MULTIPLE_HEADER_WELL_CANDIDATES","GOR-1A | GORGON1A","SINGLE_HEADER_FIELD_CANDIDATE","GORGON STAGE 2","UNITCAND_0047|UNITCAND_0048","FAMILYCAND_0034|FAMILYCAND_0035","TO_BE_REVIEWED","T0 relative path: D00019949.zip; T1a0 member_count=95; no entry stream opened; T1a1 safe_pass_members=39; all5_candidate_tokens=true"
"ACTIVE","T0_NORTHERN_CARNARVON_011","cb5b5dd04e5169aeea088c42b9daedc2589ec1daa41e673f38034a466b743abd","NOPIMS","PENDING_BASIN_CONTEXT_VERIFICATION","Northern Carnarvon","PENDING_PRINCIPAL_IDENTITY_REVIEW","PENDING_PRINCIPAL_IDENTITY_REVIEW","PENDING_PRINCIPAL_IDENTITY_REVIEW","PENDING_PRINCIPAL_IDENTITY_REVIEW","PENDING_WELLBORE_BRANCH_REVIEW","PENDING_WELLBORE_BRANCH_REVIEW","PENDING_WELLBORE_BRANCH_REVIEW","PENDING_PRINCIPAL_DEPENDENCE_REVIEW","UNKNOWN","UNKNOWN","0725_archive_identity_candidates_v2.csv","0725_dependence_family_candidates_v1.csv","IDENTITY_DEPENDENCE_CANDIDATES_PENDING_PRINCIPAL_REVIEW","","SINGLE_HEADER_WELL_CANDIDATE","GOR-1A","SINGLE_HEADER_FIELD_CANDIDATE","Gorgon","UNITCAND_0049","FAMILYCAND_0034","TO_BE_REVIEWED","T0 relative path: D00019950.zip; T1a0 member_count=44; no entry stream opened; T1a1 safe_pass_members=8; all5_candidate_tokens=true"
"ACTIVE","T0_BONAPARTE_001","4c58fcb46bac4ea6edaa359241f30cb68f9fd5328738f43644e3a8159c515a21","NOPIMS","PENDING_BASIN_CONTEXT_VERIFICATION","Bonaparte","PENDING_PRINCIPAL_IDENTITY_REVIEW","PENDING_PRINCIPAL_IDENTITY_REVIEW","PENDING_PRINCIPAL_IDENTITY_REVIEW","PENDING_PRINCIPAL_IDENTITY_REVIEW","PENDING_WELLBORE_BRANCH_REVIEW","PENDING_WELLBORE_BRANCH_REVIEW","PENDING_WELLBORE_BRANCH_REVIEW","PENDING_PRINCIPAL_DEPENDENCE_REVIEW","UNKNOWN","UNKNOWN","0725_archive_identity_candidates_v2.csv","0725_dependence_family_candidates_v1.csv","IDENTITY_DEPENDENCE_CANDIDATES_PENDING_PRINCIPAL_REVIEW","","SINGLE_HEADER_WELL_CANDIDATE","Ironstone-1","SINGLE_HEADER_FIELD_CANDIDATE","Ironstone","UNITCAND_0001","FAMILYCAND_0001","TO_BE_REVIEWED","T0 relative path: D00013479.zip; T1a0 member_count=117; no entry stream opened; T1a1 safe_pass_members=9; all5_candidate_tokens=true"
"ACTIVE","T0_BONAPARTE_002","42fec98d9c10a2d718a419cef77cea243bdea59ad5c2d6fb8ee25b1beeaad147","NOPIMS","PENDING_BASIN_CONTEXT_VERIFICATION","Bonaparte","PENDING_PRINCIPAL_IDENTITY_REVIEW","PENDING_PRINCIPAL_IDENTITY_REVIEW","PENDING_PRINCIPAL_IDENTITY_REVIEW","PENDING_PRINCIPAL_IDENTITY_REVIEW","PENDING_WELLBORE_BRANCH_REVIEW","PENDING_WELLBORE_BRANCH_REVIEW","PENDING_WELLBORE_BRANCH_REVIEW","PENDING_PRINCIPAL_DEPENDENCE_REVIEW","UNKNOWN","UNKNOWN","0725_archive_identity_candidates_v2.csv","0725_dependence_family_candidates_v1.csv","IDENTITY_DEPENDENCE_CANDIDATES_PENDING_PRINCIPAL_REVIEW","","SINGLE_HEADER_WELL_CANDIDATE","Barossa-2","SINGLE_HEADER_FIELD_CANDIDATE","Barossa","UNITCAND_0002","FAMILYCAND_0002","TO_BE_REVIEWED","T0 relative path: D00017388.zip; T1a0 member_count=142; no entry stream opened; T1a1 safe_pass_members=3; all5_candidate_tokens=false"
"ACTIVE","T0_BONAPARTE_003","ee8a77462c13fe40c260d0bf1550751b9144afe9e4619a6c0b4ccd8a87434757","NOPIMS","PENDING_BASIN_CONTEXT_VERIFICATION","Bonaparte","PENDING_PRINCIPAL_IDENTITY_REVIEW","PENDING_PRINCIPAL_IDENTITY_REVIEW","PENDING_PRINCIPAL_IDENTITY_REVIEW","PENDING_PRINCIPAL_IDENTITY_REVIEW","PENDING_WELLBORE_BRANCH_REVIEW","PENDING_WELLBORE_BRANCH_REVIEW","PENDING_WELLBORE_BRANCH_REVIEW","PENDING_PRINCIPAL_DEPENDENCE_REVIEW","UNKNOWN","UNKNOWN","0725_archive_identity_candidates_v2.csv","0725_dependence_family_candidates_v1.csv","IDENTITY_DEPENDENCE_CANDIDATES_PENDING_PRINCIPAL_REVIEW","","PATH_ONLY_REVIEW_REQUIRED","","NO_HEADER_FIELD_CANDIDATE","","UNITCAND_0003","FAMILYCAND_0003","TO_BE_REVIEWED","T0 relative path: D00017389.zip; T1a0 member_count=222; no entry stream opened; T1a1 safe_pass_members=0; all5_candidate_tokens=false"
"ACTIVE","T0_BONAPARTE_004","166388338bb31940d47b7d28923f3a49a588453113ba1c65c833a6be44795029","NOPIMS","PENDING_BASIN_CONTEXT_VERIFICATION","Bonaparte","PENDING_PRINCIPAL_IDENTITY_REVIEW","PENDING_PRINCIPAL_IDENTITY_REVIEW","PENDING_PRINCIPAL_IDENTITY_REVIEW","PENDING_PRINCIPAL_IDENTITY_REVIEW","PENDING_WELLBORE_BRANCH_REVIEW","PENDING_WELLBORE_BRANCH_REVIEW","PENDING_WELLBORE_BRANCH_REVIEW","PENDING_PRINCIPAL_DEPENDENCE_REVIEW","UNKNOWN","UNKNOWN","0725_archive_identity_candidates_v2.csv","0725_dependence_family_candidates_v1.csv","IDENTITY_DEPENDENCE_CANDIDATES_PENDING_PRINCIPAL_REVIEW","","SINGLE_HEADER_WELL_CANDIDATE","Barossa-5","SINGLE_HEADER_FIELD_CANDIDATE","Barossa","UNITCAND_0004","FAMILYCAND_0004","TO_BE_REVIEWED","T0 relative path: D00018000.zip; T1a0 member_count=32; no entry stream opened; T1a1 safe_pass_members=5; all5_candidate_tokens=true"
"ACTIVE","T0_BONAPARTE_005","f0ceff0e26f7fcb64984993c94f89a728f06c6a9250cc9edb4f38e2e07f82c75","NOPIMS","PENDING_BASIN_CONTEXT_VERIFICATION","Bonaparte","PENDING_PRINCIPAL_IDENTITY_REVIEW","PENDING_PRINCIPAL_IDENTITY_REVIEW","PENDING_PRINCIPAL_IDENTITY_REVIEW","PENDING_PRINCIPAL_IDENTITY_REVIEW","PENDING_WELLBORE_BRANCH_REVIEW","PENDING_WELLBORE_BRANCH_REVIEW","PENDING_WELLBORE_BRANCH_REVIEW","PENDING_PRINCIPAL_DEPENDENCE_REVIEW","UNKNOWN","UNKNOWN","0725_archive_identity_candidates_v2.csv","0725_dependence_family_candidates_v1.csv","IDENTITY_DEPENDENCE_CANDIDATES_PENDING_PRINCIPAL_REVIEW","","SINGLE_HEADER_WELL_CANDIDATE","BAROSSA-5","SINGLE_HEADER_FIELD_CANDIDATE","NTRL5","UNITCAND_0005","FAMILYCAND_0004","TO_BE_REVIEWED","T0 relative path: D00018002.zip; T1a0 member_count=123; no entry stream opened; T1a1 safe_pass_members=28; all5_candidate_tokens=false"
"ACTIVE","T0_BONAPARTE_006","6aeb4b3130d6e4c6f9c8def4e58c1f8b0eeb4c602913cf2d3187c9fe6c97190f","NOPIMS","PENDING_BASIN_CONTEXT_VERIFICATION","Bonaparte","PENDING_PRINCIPAL_IDENTITY_REVIEW","PENDING_PRINCIPAL_IDENTITY_REVIEW","PENDING_PRINCIPAL_IDENTITY_REVIEW","PENDING_PRINCIPAL_IDENTITY_REVIEW","PENDING_WELLBORE_BRANCH_REVIEW","PENDING_WELLBORE_BRANCH_REVIEW","PENDING_WELLBORE_BRANCH_REVIEW","PENDING_PRINCIPAL_DEPENDENCE_REVIEW","UNKNOWN","UNKNOWN","0725_archive_identity_candidates_v2.csv","0725_dependence_family_candidates_v1.csv","IDENTITY_DEPENDENCE_CANDIDATES_PENDING_PRINCIPAL_REVIEW","","PATH_ONLY_REVIEW_REQUIRED","","NO_HEADER_FIELD_CANDIDATE","","UNITCAND_0006","FAMILYCAND_0005","TO_BE_REVIEWED","T0 relative path: D00020041.zip; T1a0 member_count=357; no entry stream opened; T1a1 safe_pass_members=85; all5_candidate_tokens=true"
"ACTIVE","T0_BONAPARTE_007","7ca9fd150e9a187cb32e78121b73745fa2253233e6cc7c99eb22776158857cba","NOPIMS","PENDING_BASIN_CONTEXT_VERIFICATION","Bonaparte","PENDING_PRINCIPAL_IDENTITY_REVIEW","PENDING_PRINCIPAL_IDENTITY_REVIEW","PENDING_PRINCIPAL_IDENTITY_REVIEW","PENDING_PRINCIPAL_IDENTITY_REVIEW","PENDING_WELLBORE_BRANCH_REVIEW","PENDING_WELLBORE_BRANCH_REVIEW","PENDING_WELLBORE_BRANCH_REVIEW","PENDING_PRINCIPAL_DEPENDENCE_REVIEW","UNKNOWN","UNKNOWN","0725_archive_identity_candidates_v2.csv","0725_dependence_family_candidates_v1.csv","IDENTITY_DEPENDENCE_CANDIDATES_PENDING_PRINCIPAL_REVIEW","","MULTIPLE_HEADER_WELL_CANDIDATES","Montara H6 | Montara-H6 ST1 | Montara H6 ST1","SINGLE_HEADER_FIELD_CANDIDATE","Montara Platform","UNITCAND_0007|UNITCAND_0008","FAMILYCAND_0006","TO_BE_REVIEWED","T0 relative path: D00020042.zip; T1a0 member_count=87; no entry stream opened; T1a1 safe_pass_members=27; all5_candidate_tokens=true"
"ACTIVE","T0_BONAPARTE_008","55ddae4b56c367a6170f9e39a2561d1a2e2a4fd4b1ef582d891447b702b33fd4","NOPIMS","PENDING_BASIN_CONTEXT_VERIFICATION","Bonaparte","PENDING_PRINCIPAL_IDENTITY_REVIEW","PENDING_PRINCIPAL_IDENTITY_REVIEW","PENDING_PRINCIPAL_IDENTITY_REVIEW","PENDING_PRINCIPAL_IDENTITY_REVIEW","PENDING_WELLBORE_BRANCH_REVIEW","PENDING_WELLBORE_BRANCH_REVIEW","PENDING_WELLBORE_BRANCH_REVIEW","PENDING_PRINCIPAL_DEPENDENCE_REVIEW","UNKNOWN","UNKNOWN","0725_archive_identity_candidates_v2.csv","0725_dependence_family_candidates_v1.csv","IDENTITY_DEPENDENCE_CANDIDATES_PENDING_PRINCIPAL_REVIEW","","SINGLE_HEADER_WELL_CANDIDATE","Blacktip-P3","SINGLE_HEADER_FIELD_CANDIDATE","Blacktip","UNITCAND_0009","FAMILYCAND_0007","TO_BE_REVIEWED","T0 relative path: D00021232.zip; T1a0 member_count=132; no entry stream opened; T1a1 safe_pass_members=53; all5_candidate_tokens=true"
"ACTIVE","T0_BONAPARTE_009","0b5f280cfe9c094c8a0d29ea97f3d79d47e43e2010daace714aa9a84bbad1efc","NOPIMS","PENDING_BASIN_CONTEXT_VERIFICATION","Bonaparte","PENDING_PRINCIPAL_IDENTITY_REVIEW","PENDING_PRINCIPAL_IDENTITY_REVIEW","PENDING_PRINCIPAL_IDENTITY_REVIEW","PENDING_PRINCIPAL_IDENTITY_REVIEW","PENDING_WELLBORE_BRANCH_REVIEW","PENDING_WELLBORE_BRANCH_REVIEW","PENDING_WELLBORE_BRANCH_REVIEW","PENDING_PRINCIPAL_DEPENDENCE_REVIEW","UNKNOWN","UNKNOWN","0725_archive_identity_candidates_v2.csv","0725_dependence_family_candidates_v1.csv","IDENTITY_DEPENDENCE_CANDIDATES_PENDING_PRINCIPAL_REVIEW","","SINGLE_HEADER_WELL_CANDIDATE","Blacktip-P3","SINGLE_HEADER_FIELD_CANDIDATE","Blacktip","UNITCAND_0010","FAMILYCAND_0007","TO_BE_REVIEWED","T0 relative path: D00021233.zip; T1a0 member_count=53; no entry stream opened; T1a1 safe_pass_members=17; all5_candidate_tokens=true"
"ACTIVE","T0_BONAPARTE_010","f066b238b886826336808a6e71903f87d6c5954c94e8daab5b51d550c33c2b58","NOPIMS","PENDING_BASIN_CONTEXT_VERIFICATION","Bonaparte","PENDING_PRINCIPAL_IDENTITY_REVIEW","PENDING_PRINCIPAL_IDENTITY_REVIEW","PENDING_PRINCIPAL_IDENTITY_REVIEW","PENDING_PRINCIPAL_IDENTITY_REVIEW","PENDING_WELLBORE_BRANCH_REVIEW","PENDING_WELLBORE_BRANCH_REVIEW","PENDING_WELLBORE_BRANCH_REVIEW","PENDING_PRINCIPAL_DEPENDENCE_REVIEW","UNKNOWN","UNKNOWN","0725_archive_identity_candidates_v2.csv","0725_dependence_family_candidates_v1.csv","IDENTITY_DEPENDENCE_CANDIDATES_PENDING_PRINCIPAL_REVIEW","","SINGLE_HEADER_WELL_CANDIDATE","Kingtree-1","MULTIPLE_HEADER_FIELD_CANDIDATES","Exploration | Kingtree","UNITCAND_0011","FAMILYCAND_0008","TO_BE_REVIEWED","T0 relative path: P00695523.zip; T1a0 member_count=73; no entry stream opened; T1a1 safe_pass_members=9; all5_candidate_tokens=false"
"ACTIVE","T0_PERTH_001","df955bcdf4085937f9c66334a2788df3d487aca9f1d5fdc3d2dacce154287ba9","NOPIMS","PENDING_BASIN_CONTEXT_VERIFICATION","Perth","PENDING_PRINCIPAL_IDENTITY_REVIEW","PENDING_PRINCIPAL_IDENTITY_REVIEW","PENDING_PRINCIPAL_IDENTITY_REVIEW","PENDING_PRINCIPAL_IDENTITY_REVIEW","PENDING_WELLBORE_BRANCH_REVIEW","PENDING_WELLBORE_BRANCH_REVIEW","PENDING_WELLBORE_BRANCH_REVIEW","PENDING_PRINCIPAL_DEPENDENCE_REVIEW","UNKNOWN","UNKNOWN","0725_archive_identity_candidates_v2.csv","0725_dependence_family_candidates_v1.csv","IDENTITY_DEPENDENCE_CANDIDATES_PENDING_PRINCIPAL_REVIEW","","MULTIPLE_HEADER_WELL_CANDIDATES","Morangie-1 | Morangie-1 ST1","MULTIPLE_HEADER_FIELD_CANDIDATES","Exploration | WA-226-P","UNITCAND_0062|UNITCAND_0063","FAMILYCAND_0046","TO_BE_REVIEWED","T0 relative path: D00011017.zip; T1a0 member_count=123; no entry stream opened; T1a1 safe_pass_members=32; all5_candidate_tokens=false"
"ACTIVE","T0_PERTH_002","ea83f3dc91d2955122baa08d53c32fbe3e25db88dfa993389e82fe618976dfce","NOPIMS","PENDING_BASIN_CONTEXT_VERIFICATION","Perth","PENDING_PRINCIPAL_IDENTITY_REVIEW","PENDING_PRINCIPAL_IDENTITY_REVIEW","PENDING_PRINCIPAL_IDENTITY_REVIEW","PENDING_PRINCIPAL_IDENTITY_REVIEW","PENDING_WELLBORE_BRANCH_REVIEW","PENDING_WELLBORE_BRANCH_REVIEW","PENDING_WELLBORE_BRANCH_REVIEW","PENDING_PRINCIPAL_DEPENDENCE_REVIEW","UNKNOWN","UNKNOWN","0725_archive_identity_candidates_v2.csv","0725_dependence_family_candidates_v1.csv","IDENTITY_DEPENDENCE_CANDIDATES_PENDING_PRINCIPAL_REVIEW","","SINGLE_HEADER_WELL_CANDIDATE","Hadda-1","SINGLE_HEADER_FIELD_CANDIDATE","WA-325-P","UNITCAND_0064","FAMILYCAND_0047","TO_BE_REVIEWED","T0 relative path: P00562962.zip; T1a0 member_count=13; no entry stream opened; T1a1 safe_pass_members=1; all5_candidate_tokens=false"
"ACTIVE","T0_PERTH_003","985b4a410a98447fda459e8e42360fb17d9b2c8038003db5ee24f0bc3871d320","NOPIMS","PENDING_BASIN_CONTEXT_VERIFICATION","Perth","PENDING_PRINCIPAL_IDENTITY_REVIEW","PENDING_PRINCIPAL_IDENTITY_REVIEW","PENDING_PRINCIPAL_IDENTITY_REVIEW","PENDING_PRINCIPAL_IDENTITY_REVIEW","PENDING_WELLBORE_BRANCH_REVIEW","PENDING_WELLBORE_BRANCH_REVIEW","PENDING_WELLBORE_BRANCH_REVIEW","PENDING_PRINCIPAL_DEPENDENCE_REVIEW","UNKNOWN","UNKNOWN","0725_archive_identity_candidates_v2.csv","0725_dependence_family_candidates_v1.csv","IDENTITY_DEPENDENCE_CANDIDATES_PENDING_PRINCIPAL_REVIEW","","SINGLE_HEADER_WELL_CANDIDATE","Hadda-1","SINGLE_HEADER_FIELD_CANDIDATE","Exploration","UNITCAND_0065","FAMILYCAND_0047","TO_BE_REVIEWED","T0 relative path: P00563008.zip; T1a0 member_count=8; no entry stream opened; T1a1 safe_pass_members=3; all5_candidate_tokens=false"
"ACTIVE","T0_PERTH_004","a59cbb8c7ad65445e418ab1198a1c9dc8e68e48f44af9d5b30c272a0e4ae948d","NOPIMS","PENDING_BASIN_CONTEXT_VERIFICATION","Perth","PENDING_PRINCIPAL_IDENTITY_REVIEW","PENDING_PRINCIPAL_IDENTITY_REVIEW","PENDING_PRINCIPAL_IDENTITY_REVIEW","PENDING_PRINCIPAL_IDENTITY_REVIEW","PENDING_WELLBORE_BRANCH_REVIEW","PENDING_WELLBORE_BRANCH_REVIEW","PENDING_WELLBORE_BRANCH_REVIEW","PENDING_PRINCIPAL_DEPENDENCE_REVIEW","UNKNOWN","UNKNOWN","0725_archive_identity_candidates_v2.csv","0725_dependence_family_candidates_v1.csv","IDENTITY_DEPENDENCE_CANDIDATES_PENDING_PRINCIPAL_REVIEW","","SINGLE_HEADER_WELL_CANDIDATE","Charon-1","MULTIPLE_HEADER_FIELD_CANDIDATES","Charon | Houtman Sub-basin | WA-328-P","UNITCAND_0066","FAMILYCAND_0048","TO_BE_REVIEWED","T0 relative path: P00636353.zip; T1a0 member_count=1572; no entry stream opened; T1a1 safe_pass_members=15; all5_candidate_tokens=false"
"ACTIVE","T0_PERTH_005","a16de2c79a9c1edc1767d724f05aed5e1a67042d0ba425d1b182a11412630166","NOPIMS","PENDING_BASIN_CONTEXT_VERIFICATION","Perth","PENDING_PRINCIPAL_IDENTITY_REVIEW","PENDING_PRINCIPAL_IDENTITY_REVIEW","PENDING_PRINCIPAL_IDENTITY_REVIEW","PENDING_PRINCIPAL_IDENTITY_REVIEW","PENDING_WELLBORE_BRANCH_REVIEW","PENDING_WELLBORE_BRANCH_REVIEW","PENDING_WELLBORE_BRANCH_REVIEW","PENDING_PRINCIPAL_DEPENDENCE_REVIEW","UNKNOWN","UNKNOWN","0725_archive_identity_candidates_v2.csv","0725_dependence_family_candidates_v1.csv","IDENTITY_DEPENDENCE_CANDIDATES_PENDING_PRINCIPAL_REVIEW","","SINGLE_HEADER_WELL_CANDIDATE","Koel-1","MULTIPLE_HEADER_FIELD_CANDIDATES","Perth Basin | WA-481-P","UNITCAND_0067","FAMILYCAND_0049","TO_BE_REVIEWED","T0 relative path: P00705480.zip; T1a0 member_count=36; no entry stream opened; T1a1 safe_pass_members=10; all5_candidate_tokens=true"
"ACTIVE","T0_PERTH_006","539751ec3e6209351c2950c386d33586fdab88e782f44df0590448d071c5e936","NOPIMS","PENDING_BASIN_CONTEXT_VERIFICATION","Perth","PENDING_PRINCIPAL_IDENTITY_REVIEW","PENDING_PRINCIPAL_IDENTITY_REVIEW","PENDING_PRINCIPAL_IDENTITY_REVIEW","PENDING_PRINCIPAL_IDENTITY_REVIEW","PENDING_WELLBORE_BRANCH_REVIEW","PENDING_WELLBORE_BRANCH_REVIEW","PENDING_WELLBORE_BRANCH_REVIEW","PENDING_PRINCIPAL_DEPENDENCE_REVIEW","UNKNOWN","UNKNOWN","0725_archive_identity_candidates_v2.csv","0725_dependence_family_candidates_v1.csv","IDENTITY_DEPENDENCE_CANDIDATES_PENDING_PRINCIPAL_REVIEW","","PATH_ONLY_REVIEW_REQUIRED","","NO_HEADER_FIELD_CANDIDATE","","UNITCAND_0068","FAMILYCAND_0050","TO_BE_REVIEWED","T0 relative path: P00705481.zip; T1a0 member_count=772; no entry stream opened; T1a1 safe_pass_members=4; all5_candidate_tokens=false"
"ACTIVE","T0_BROWSE_001","09cc5c35142c817b3a77f70a8efb64fa71ea23628eb440132ec2d62a6114e144","NOPIMS","PENDING_BASIN_CONTEXT_VERIFICATION","Browse","PENDING_PRINCIPAL_IDENTITY_REVIEW","PENDING_PRINCIPAL_IDENTITY_REVIEW","PENDING_PRINCIPAL_IDENTITY_REVIEW","PENDING_PRINCIPAL_IDENTITY_REVIEW","PENDING_WELLBORE_BRANCH_REVIEW","PENDING_WELLBORE_BRANCH_REVIEW","PENDING_WELLBORE_BRANCH_REVIEW","PENDING_PRINCIPAL_DEPENDENCE_REVIEW","UNKNOWN","UNKNOWN","0725_archive_identity_candidates_v2.csv","0725_dependence_family_candidates_v1.csv","IDENTITY_DEPENDENCE_CANDIDATES_PENDING_PRINCIPAL_REVIEW","","MULTIPLE_HEADER_WELL_CANDIDATES","Crown-1 | CROWN-1 | Crown-1 ST1","SINGLE_HEADER_FIELD_CANDIDATE","Crown","UNITCAND_0012|UNITCAND_0013","FAMILYCAND_0009","TO_BE_REVIEWED","T0 relative path: D00013871.zip; T1a0 member_count=117; no entry stream opened; T1a1 safe_pass_members=36; all5_candidate_tokens=true"
"ACTIVE","T0_BROWSE_002","b16329fea1d82e0b32f7fa9a8e29eeda0d02928440c3d1917eca0eb72e3569b9","NOPIMS","PENDING_BASIN_CONTEXT_VERIFICATION","Browse","PENDING_PRINCIPAL_IDENTITY_REVIEW","PENDING_PRINCIPAL_IDENTITY_REVIEW","PENDING_PRINCIPAL_IDENTITY_REVIEW","PENDING_PRINCIPAL_IDENTITY_REVIEW","PENDING_WELLBORE_BRANCH_REVIEW","PENDING_WELLBORE_BRANCH_REVIEW","PENDING_WELLBORE_BRANCH_REVIEW","PENDING_PRINCIPAL_DEPENDENCE_REVIEW","UNKNOWN","UNKNOWN","0725_archive_identity_candidates_v2.csv","0725_dependence_family_candidates_v1.csv","IDENTITY_DEPENDENCE_CANDIDATES_PENDING_PRINCIPAL_REVIEW","","SINGLE_HEADER_WELL_CANDIDATE","Auriga West-1 | AURIGA WEST-1","MULTIPLE_HEADER_FIELD_CANDIDATES","Auriga | Auriga West | BROWSE BASIN","UNITCAND_0014","FAMILYCAND_0010","TO_BE_REVIEWED","T0 relative path: D00017173.zip; T1a0 member_count=143; no entry stream opened; T1a1 safe_pass_members=52; all5_candidate_tokens=true"
"ACTIVE","T0_BROWSE_003","939fa7328f0e92213e5060022bfa0f8efa62a467c8400eaebb8d551a909f9286","NOPIMS","PENDING_BASIN_CONTEXT_VERIFICATION","Browse","PENDING_PRINCIPAL_IDENTITY_REVIEW","PENDING_PRINCIPAL_IDENTITY_REVIEW","PENDING_PRINCIPAL_IDENTITY_REVIEW","PENDING_PRINCIPAL_IDENTITY_REVIEW","PENDING_WELLBORE_BRANCH_REVIEW","PENDING_WELLBORE_BRANCH_REVIEW","PENDING_WELLBORE_BRANCH_REVIEW","PENDING_PRINCIPAL_DEPENDENCE_REVIEW","UNKNOWN","UNKNOWN","0725_archive_identity_candidates_v2.csv","0725_dependence_family_candidates_v1.csv","IDENTITY_DEPENDENCE_CANDIDATES_PENDING_PRINCIPAL_REVIEW","","SINGLE_HEADER_WELL_CANDIDATE","BDC-1C-06","SINGLE_HEADER_FIELD_CANDIDATE","Ichthys","UNITCAND_0015","FAMILYCAND_0011","TO_BE_REVIEWED","T0 relative path: D00017375.zip; T1a0 member_count=79; no entry stream opened; T1a1 safe_pass_members=12; all5_candidate_tokens=true"
"ACTIVE","T0_BROWSE_004","530bb823023a8b3877d9b35085429c8315d6c780c0ef7e7effb17fb290935fad","NOPIMS","PENDING_BASIN_CONTEXT_VERIFICATION","Browse","PENDING_PRINCIPAL_IDENTITY_REVIEW","PENDING_PRINCIPAL_IDENTITY_REVIEW","PENDING_PRINCIPAL_IDENTITY_REVIEW","PENDING_PRINCIPAL_IDENTITY_REVIEW","PENDING_WELLBORE_BRANCH_REVIEW","PENDING_WELLBORE_BRANCH_REVIEW","PENDING_WELLBORE_BRANCH_REVIEW","PENDING_PRINCIPAL_DEPENDENCE_REVIEW","UNKNOWN","UNKNOWN","0725_archive_identity_candidates_v2.csv","0725_dependence_family_candidates_v1.csv","IDENTITY_DEPENDENCE_CANDIDATES_PENDING_PRINCIPAL_REVIEW","","SINGLE_HEADER_WELL_CANDIDATE","BDC-1C-06","SINGLE_HEADER_FIELD_CANDIDATE","ICHTHYS","UNITCAND_0016","FAMILYCAND_0011","TO_BE_REVIEWED","T0 relative path: D00017377.zip; T1a0 member_count=201; no entry stream opened; T1a1 safe_pass_members=12; all5_candidate_tokens=false"
"ACTIVE","T0_BROWSE_005","1770720c03451abeaf5f7eac58829dd27b860e3e5265d35c695ad4fb6470b919","NOPIMS","PENDING_BASIN_CONTEXT_VERIFICATION","Browse","PENDING_PRINCIPAL_IDENTITY_REVIEW","PENDING_PRINCIPAL_IDENTITY_REVIEW","PENDING_PRINCIPAL_IDENTITY_REVIEW","PENDING_PRINCIPAL_IDENTITY_REVIEW","PENDING_WELLBORE_BRANCH_REVIEW","PENDING_WELLBORE_BRANCH_REVIEW","PENDING_WELLBORE_BRANCH_REVIEW","PENDING_PRINCIPAL_DEPENDENCE_REVIEW","UNKNOWN","UNKNOWN","0725_archive_identity_candidates_v2.csv","0725_dependence_family_candidates_v1.csv","IDENTITY_DEPENDENCE_CANDIDATES_PENDING_PRINCIPAL_REVIEW","","SINGLE_HEADER_WELL_CANDIDATE","Brecknock 2 | Brecknock-2","SINGLE_HEADER_FIELD_CANDIDATE","Exploration | EXPLORATION","UNITCAND_0017","FAMILYCAND_0012","TO_BE_REVIEWED","T0 relative path: P00632055.zip; T1a0 member_count=132; no entry stream opened; T1a1 safe_pass_members=12; all5_candidate_tokens=false"
"ACTIVE","T0_BROWSE_006","62cd664fbb1f33b6850555a4bd3752bc6f92cfdca83400110b7faf7be6bc48ed","NOPIMS","PENDING_BASIN_CONTEXT_VERIFICATION","Browse","PENDING_PRINCIPAL_IDENTITY_REVIEW","PENDING_PRINCIPAL_IDENTITY_REVIEW","PENDING_PRINCIPAL_IDENTITY_REVIEW","PENDING_PRINCIPAL_IDENTITY_REVIEW","PENDING_WELLBORE_BRANCH_REVIEW","PENDING_WELLBORE_BRANCH_REVIEW","PENDING_WELLBORE_BRANCH_REVIEW","PENDING_PRINCIPAL_DEPENDENCE_REVIEW","UNKNOWN","UNKNOWN","0725_archive_identity_candidates_v2.csv","0725_dependence_family_candidates_v1.csv","IDENTITY_DEPENDENCE_CANDIDATES_PENDING_PRINCIPAL_REVIEW","","MULTIPLE_HEADER_WELL_CANDIDATES","Argus-2 | Argus-2 ST1","SINGLE_HEADER_FIELD_CANDIDATE","Browse Basin","UNITCAND_0018|UNITCAND_0019","FAMILYCAND_0013","TO_BE_REVIEWED","T0 relative path: P00636846.zip; T1a0 member_count=315; no entry stream opened; T1a1 safe_pass_members=32; all5_candidate_tokens=true"
"ACTIVE","T0_BROWSE_007","1f1db9a648fb3d4c55044062a1aa01624571e9257ddfb23c97c2341da6d9acab","NOPIMS","PENDING_BASIN_CONTEXT_VERIFICATION","Browse","PENDING_PRINCIPAL_IDENTITY_REVIEW","PENDING_PRINCIPAL_IDENTITY_REVIEW","PENDING_PRINCIPAL_IDENTITY_REVIEW","PENDING_PRINCIPAL_IDENTITY_REVIEW","PENDING_WELLBORE_BRANCH_REVIEW","PENDING_WELLBORE_BRANCH_REVIEW","PENDING_WELLBORE_BRANCH_REVIEW","PENDING_PRINCIPAL_DEPENDENCE_REVIEW","UNKNOWN","UNKNOWN","0725_archive_identity_candidates_v2.csv","0725_dependence_family_candidates_v1.csv","IDENTITY_DEPENDENCE_CANDIDATES_PENDING_PRINCIPAL_REVIEW","","MULTIPLE_HEADER_WELL_CANDIDATES","Crown-1 | CROWN-1 | Crown-1 ST1","SINGLE_HEADER_FIELD_CANDIDATE","Crown","UNITCAND_0020|UNITCAND_0021","FAMILYCAND_0009","TO_BE_REVIEWED","T0 relative path: P00696675.zip; T1a0 member_count=100; no entry stream opened; T1a1 safe_pass_members=50; all5_candidate_tokens=true"
"ACTIVE","T0_BROWSE_008","4915409d95cdfafa65c609f924f0601d9c5229b78bbc63af13669b91c6668f40","NOPIMS","PENDING_BASIN_CONTEXT_VERIFICATION","Browse","PENDING_PRINCIPAL_IDENTITY_REVIEW","PENDING_PRINCIPAL_IDENTITY_REVIEW","PENDING_PRINCIPAL_IDENTITY_REVIEW","PENDING_PRINCIPAL_IDENTITY_REVIEW","PENDING_WELLBORE_BRANCH_REVIEW","PENDING_WELLBORE_BRANCH_REVIEW","PENDING_WELLBORE_BRANCH_REVIEW","PENDING_PRINCIPAL_DEPENDENCE_REVIEW","UNKNOWN","UNKNOWN","0725_archive_identity_candidates_v2.csv","0725_dependence_family_candidates_v1.csv","IDENTITY_DEPENDENCE_CANDIDATES_PENDING_PRINCIPAL_REVIEW","","SINGLE_HEADER_WELL_CANDIDATE","BDC-1A-06","SINGLE_HEADER_FIELD_CANDIDATE","Ichthys","UNITCAND_0022","FAMILYCAND_0014","TO_BE_REVIEWED","T0 relative path: P00712768.zip; T1a0 member_count=54; no entry stream opened; T1a1 safe_pass_members=14; all5_candidate_tokens=true"
"ACTIVE","T0_BROWSE_009","587682577bffe5f1f7b0d8b80b9cff9d84d3bad302ea818d5097ba7c1df3be65","NOPIMS","PENDING_BASIN_CONTEXT_VERIFICATION","Browse","PENDING_PRINCIPAL_IDENTITY_REVIEW","PENDING_PRINCIPAL_IDENTITY_REVIEW","PENDING_PRINCIPAL_IDENTITY_REVIEW","PENDING_PRINCIPAL_IDENTITY_REVIEW","PENDING_WELLBORE_BRANCH_REVIEW","PENDING_WELLBORE_BRANCH_REVIEW","PENDING_WELLBORE_BRANCH_REVIEW","PENDING_PRINCIPAL_DEPENDENCE_REVIEW","UNKNOWN","UNKNOWN","0725_archive_identity_candidates_v2.csv","0725_dependence_family_candidates_v1.csv","IDENTITY_DEPENDENCE_CANDIDATES_PENDING_PRINCIPAL_REVIEW","","SINGLE_HEADER_WELL_CANDIDATE","BDC-1A-06","SINGLE_HEADER_FIELD_CANDIDATE","Ichthys","UNITCAND_0023","FAMILYCAND_0014","TO_BE_REVIEWED","T0 relative path: P00712770.zip; T1a0 member_count=293; no entry stream opened; T1a1 safe_pass_members=97; all5_candidate_tokens=false"
