deviation_id,detected_datetime_utc,detected_by,unlock_status,deviation_class,original_rule_or_artifact,description,outcome_independent,scientific_decision_rule_changed,corrective_action,full_cohort_rerun_required,original_results_retained,corrected_results_path,approval_or_signoff,reporting_status,notes
DRYRUN-D2-001,2026-07-25T09:55:00Z,Codex,PRE_UNLOCK,D2,scripts/run_synthetic_full_dry_run.py,The synthetic short-family label ended in SHORT while the fixture generator attempted to parse the final token as an integer,true,false,Assign the prespecified synthetic short family index explicitly and rerun the complete synthetic cohort,true,true,registration/0725_synthetic_full_dry_run_v1,technical audit complete,CLOSED_CORRECTED_FULL_RERUN,The failed attempt stopped before output generation; the full 17-family synthetic cohort rerun passed; no real Layer D data were opened
DRYRUN-D2-002,2026-07-26T03:01:00Z,Codex,PRE_UNLOCK,D2,07a_falsification_test_intervals.csv,The F-7/F-9 split test initially named the F-9 file whose exact rows are removed by the frozen family-level keep-first deduplication,true,false,Use the identical frozen MD interval in the retained F-7 file for the split diagnostic while preserving F-9 as the raw nominal-file dependence test,true,true,registration/0725_source_matched_diagnostics_v1,technical audit complete,CLOSED_CORRECTED_FULL_RERUN,"The first run stopped before model fitting for that case; no Layer D archive was opened"
DRYRUN-D2-003,2026-07-26T03:03:00Z,Codex,PRE_UNLOCK,D2,scripts/run_source_matched_falsification_diagnostics.py,Historical OOF discovery found both retained v2 and current v3 reproduction packages and therefore failed closed rather than selecting one implicitly,true,false,Lock the retrospective F-15 evidence source to the current 0718 reproduction package v3 and rerun all diagnostics,true,true,registration/0725_source_matched_diagnostics_v1,technical audit complete,CLOSED_CORRECTED_FULL_RERUN,"All model fits had completed but no final result artifacts were written; the complete rerun passed; no Layer D archive was opened"
D2-T1A1-001,2026-07-24T17:20:48.473Z,Codex,PRE_UNLOCK,D2,0725_T1a1_summarize_header_evidence_v1.py,LAS Well-section string values were stored in the parsed uom slot when the LAS unit was blank; identity-only summary therefore used the wrong source field,true,false,Create a separately versioned identity reconstruction using the frozen normalized header output; retain v1 evidence and regenerate identity summaries for the full cohort,true,true,drafts/0725_CROSS_WELL_identity_dependence_review_v1/0725_identity_item_reconstruction_v2.csv,principal researcher review pending,CORRECTED_ANALYSIS_GENERATED_PENDING_REVIEW,Curve-section mnemonic and UOM evidence and all raw-access boundaries are unaffected
D2-ID-002,2026-07-24T17:26:37.422Z,Codex,PRE_UNLOCK,D2,0725_archive_identity_candidates_v1.csv,A potential generic-FLD misclassification was suspected from the superseded v1 identity summary and was tested against the corrected full-cohort identity reconstruction,true,false,Retain v1 and generate field-classification v2; full-cohort reclassification found zero GENERIC_FIELD_REVIEW_REQUIRED rows and no archive field-status changes,true,true,drafts/0725_CROSS_WELL_identity_dependence_review_v1/0725_archive_identity_candidates_v2.csv,technical audit complete,CLOSED_NO_AFFECTED_RECORDS,No raw ZIP or numeric data access; well field and dependence candidate results were unchanged
D2-META-001,2026-07-24T18:07:23.008Z,Codex,PRE_UNLOCK,D2,0725_CROSS_WELL_external_identity_metadata_v1/scripts,"Windows PowerShell interpreted a non-BOM path literal incorrectly and a script variable conflicted with the reserved Host variable",true,false,"Derive the project root from PSScriptRoot; rename the variable; rerun the complete 10-item origin-metadata collection",true,true,drafts/0725_CROSS_WELL_external_identity_metadata_v1/0725_download_origin_metadata_v1.csv,technical audit complete,CLOSED_CORRECTED,No ZIP content or numeric payload was accessed
D2-T1B-001,2026-07-25T04:06:09Z,Codex,PRE_UNLOCK,D2,0725_CROSS_WELL_T1b_label_blinded_v1/scripts/run_T1b_restricted_las_qc.py,Supplemental acquisition registry uses activity_name rather than the nonexistent well_name field; first run stopped during metadata assembly before LAS numeric processing,true,false,Replace the field reference with activity_name and rerun the complete selected cohort,true,true,drafts/0725_CROSS_WELL_T1b_label_blinded_v1/0725_T1b_family_covariate_QC_v1.csv,technical audit complete,CLOSED_CORRECTED_FULL_RERUN,Attempt-1 error log retained; no T1b numeric summary or ROP access occurred in attempt 1
D3-T1B-SEM-001,2026-07-25T04:15:00Z,Codex,PRE_UNLOCK,D3,0725_CROSS_WELL_T1b_label_blinded_v1 semantic mapping rules,Initial fail-closed mapping did not accept BITDEP or PUMP despite explicit descriptions Bit Measured Depth and Pump Pressure - Stand Pipe in Jansz-Io 7354,true,true,Create separately versioned v2 semantic mapping; accept only exact description-supported mappings; retain ambiguous SPP1/SPP2 and CRPM_RT as held; rerun full selected cohort,true,true,drafts/0725_CROSS_WELL_T1b_label_blinded_v2/0725_T1b_family_covariate_QC_v1.csv,pre-freeze protocol engineering decision,CLOSED_NEW_DRAFT_VERSION,No ROP value or performance result was used; v1 outputs retained
D2-META-002,2026-07-24T18:07:23.008Z,Codex,PRE_UNLOCK,D2,0725_CROSS_WELL_external_identity_metadata_v1/scripts/retrieve_neats_released_document_metadata.ps1,"The official OData service rejected a single filter containing all 59 Item_ID clauses with HTTP 400",true,false,"Split the fixed Item_ID inventory into deterministic batches of 10; prohibit unexpected pagination; rerun all 59 Item_ID values",true,true,drafts/0725_CROSS_WELL_external_identity_metadata_v1/0725_NEATS_released_document_metadata_v1.csv,technical audit complete,CLOSED_CORRECTED,Query batching changed only transport mechanics and not scientific eligibility or identity rules
D2-MODEL-001,2026-07-25T05:20:00Z,Codex,PRE_UNLOCK,D2,model_artifacts initial source-only bundle,Initial export omitted the separate source-feature-median artifact required to apply the already frozen missing-feature rule before ExtraTrees prediction,true,false,Retain the initial bundle in trash; add deterministic source-feature medians to the export; rebuild and reload every model artifact,true,true,trash/0725_model_bundle_preprocessor_omission_v1,technical audit complete,CLOSED_CORRECTED_FULL_REBUILD,No Layer D outcome or performance was accessed; model specifications training sample and source-only weighting were unchanged
D2-MODEL-002,2026-07-25T05:21:00Z,Codex,PRE_UNLOCK,D2,scripts/build_frozen_model_bundle.py corrected rebuild attempt 1,Python boolean was written as lowercase false and raised NameError while constructing the source-feature-median JSON before model fitting,true,false,Correct false to False; retain the partial attempt directory; rerun the complete source-only bundle build,true,true,trash/0725_model_bundle_preprocessor_rebuild_attempt1,technical audit complete,CLOSED_CORRECTED_FULL_REBUILD,No model artifacts or Layer D outputs were produced by the failed attempt
D2-PUBLIC-PATH-001,2026-07-25T05:23:00Z,Codex,PRE_UNLOCK,D2,source_only_audit and model_artifacts manifests,Generated manifests embedded machine-specific absolute paths that were unnecessary for content identity and unsuitable for public registration,true,false,Retain both prior directories in trash; emit logical relative paths; rerun the complete source-only audit and rebuild the complete source-only model bundle,true,true,trash/0725_source_only_audit_absolute_paths_v1 | trash/0725_model_bundle_absolute_paths_v2,technical audit complete,CLOSED_CORRECTED_FULL_REBUILD,No Layer D outcome or performance was accessed; scientific parameters inputs training selections and model hashes were unchanged
D3-T1B-OBJECT-001,2026-07-25T05:37:00Z,Codex,PRE_UNLOCK,D3,T1b v3 family aggregation rule,Aggregating every exact-common4 source object within a family allowed duplicate time depth and interpolated products to jointly determine qualification and did not define the unique object later used for scoring,true,true,Retain v3; create v4; require each source object to pass the frozen covariate and coverage rules; select one canonical object by coverage valid rows total rows and lexical path without ROP or model feedback,true,true,drafts/0725_CROSS_WELL_T1b_label_blinded_v3 and drafts/0725_CROSS_WELL_T1b_label_blinded_v4,pre-freeze protocol engineering decision,CLOSED_NEW_DRAFT_VERSION,Scientific selection rule changed before v1.0 and before any ROP access; v3 retained; v4 is the active draft
D2-EXT-ID-001,2026-07-25T07:11:30Z,Codex,PRE_UNLOCK,D2,0725_CROSS_WELL_extension_T1a_v1 and T1b_v1 scripts,Montara H2 and H3 ST1 official well/borehole identifiers were transposed in the initial hard-coded candidate metadata,true,false,Correct the two mappings from the predeclared acquisition inventory and rerun all five extension archives through T1a and T1b,true,true,drafts/0725_CROSS_WELL_extension_T1a_v1/0725_preunlock_correction_log_v1.md,technical audit complete,CLOSED_CORRECTED_FULL_RERUN,No ROP numeric value or model prediction was accessed; scientific rules and qualification outcomes were unchanged
D2-EXT2-SIZE-001,2026-07-25T07:59:00Z,Codex,PRE_UNLOCK,D2,D00014583 official File_Size_Bytes metadata,The retry downloaded from the frozen official URL was a valid ZIP of 4240225741 bytes rather than the OData metadata value 3653759630 bytes,true,false,Retain the original expected value; record actual size and SHA-256; require T1a identity and central-directory confirmation before T1b,true,true,drafts/0725_CROSS_WELL_preunlock_acquisition_extension_v2/0725_extension_v2_download_metadata_deviation_v1.md,technical audit complete,CLOSED_ACCEPTED_WITH_D2_RECORD,T1a confirmed Blacktip P2 member identity and readable central directory; no ROP or model output used
D1-EXT3-NL-001,2026-07-25T08:26:00Z,Codex,PRE_UNLOCK,D1,0725_extension_v3_acquisition_status_v1.csv,Restoring the predownload PENDING snapshot normalized two terminal LF bytes to one terminal LF and changed only file byte identity,true,false,Retain the semantically identical PENDING snapshot; update its local predownload-manifest byte count and SHA-256; write completed acquisition state to separately versioned v2 status,false,true,drafts/0725_CROSS_WELL_preunlock_acquisition_extension_v3/0725_extension_v3_postdownload_completion_record_v1.md,technical audit complete,CLOSED_ADMINISTRATIVE_NORMALIZATION,No candidate row field scientific rule ROP value or model output changed
D3-EXT4-SEM-001,2026-07-25T08:40:00Z,Codex,PRE_UNLOCK,D3,Restricted label-blinded semantic mapping table,Prelude drilling LAS headers exposed exact required concepts as Tot Depth plus WOB units klbs or t which were not listed in the parser,true,true,Add globally applicable fail-closed mappings for exact TOTDEPTH in metre units and exact WOB units klbs/t; retain T1b v1; run prior-cohort header-summary impact scan and separately versioned T1b v2,true,true,drafts/0724_CROSS_WELL_PROTOCOL_v0.9-draft_v1/05c_label_blinded_semantic_mapping_amendment_v1.yaml,pre-freeze protocol engineering decision,CLOSED_GLOBAL_AMENDMENT_ZERO_PRIOR_IMPACT,Thirty prior T1b QC CSVs had zero exact TOTDEPTH or WOB-unit klbs/t hits; Prelude P3 P4 P6 qualified under v2; no ROP numeric value or model performance was accessed
