candidate_id,mean_unit_mae,worst2_unit_mae,worst_unit_mae,complexity_rank,fixed_order,outer_held,rank_worst2,rank_mean
ExtraTrees_depth12_leaf30,12.16705316016904,17.108455671399224,17.807601093938416,2,4,F-1,2.0,2.0
ExtraTrees_depth18_leaf100,12.059290538904524,16.7717073391186,17.47323455751812,2,5,F-1,1.0,1.0
HistGB_lr005_leaf15,12.661687715829984,17.429681342093602,18.206846270957318,1,2,F-1,3.0,3.0
HistGB_lr008_leaf31,13.121032322935388,17.74157830467847,18.37907195509694,1,3,F-1,4.0,4.0
MLP_64_32,14.916042253643282,22.121717177662813,25.634338183168996,3,6,F-1,8.0,7.0
MLP_96_48,15.188569022338394,21.974764781218923,23.40946226657132,3,7,F-1,7.0,8.0
Ridge_alpha_1,13.268739801763989,18.076047215797956,18.576502275710453,0,0,F-1,5.0,6.0
Ridge_alpha_100,13.25863387429356,18.1114981785163,18.60735041800004,0,1,F-1,6.0,5.0
ExtraTrees_depth12_leaf30,11.158951387185143,16.101317895104,16.936599660451765,2,4,F-10,2.0,1.0
ExtraTrees_depth18_leaf100,11.196666996889205,16.071401250853107,16.745439230147454,2,5,F-10,1.0,2.0
HistGB_lr005_leaf15,11.892220875975468,17.60961615213049,18.29139339507346,1,2,F-10,3.0,3.0
HistGB_lr008_leaf31,12.808032739744831,19.2101583364492,19.628831271586186,1,3,F-10,6.0,6.0
MLP_64_32,14.568183238673631,21.440168665082304,21.6482491061375,3,6,F-10,8.0,7.0
MLP_96_48,14.670327842831572,21.372576363304695,21.92467431153122,3,7,F-10,7.0,8.0
Ridge_alpha_1,12.50321601904604,17.624983289227856,18.07452306760805,0,0,F-10,5.0,5.0
Ridge_alpha_100,12.486770869700727,17.621913284390942,18.11189126759226,0,1,F-10,4.0,4.0
ExtraTrees_depth12_leaf30,12.165034345515224,17.06180125118447,17.69787261968677,2,4,F-11,2.0,2.0
ExtraTrees_depth18_leaf100,12.039197173233115,16.73529581081084,17.466229272028052,2,5,F-11,1.0,1.0
HistGB_lr005_leaf15,13.113563664164731,18.36250614434539,20.050239075900986,1,2,F-11,5.0,5.0
HistGB_lr008_leaf31,13.576682145330768,18.557415018371337,19.521936780226618,1,3,F-11,6.0,6.0
MLP_64_32,14.546585905843175,21.305692901153826,24.581941624428094,3,6,F-11,7.0,7.0
MLP_96_48,15.616990228546586,24.041992999880407,27.271291663150542,3,7,F-11,8.0,8.0
Ridge_alpha_1,12.997878116359223,17.989147587709333,18.496866897484374,0,0,F-11,3.0,4.0
Ridge_alpha_100,12.986758764066739,18.02398632178394,18.527294573890465,0,1,F-11,4.0,3.0
ExtraTrees_depth12_leaf30,10.917965950771439,17.071015263075594,17.87514917346633,2,4,F-12,2.0,1.0
ExtraTrees_depth18_leaf100,10.964590431778353,17.03086128881748,17.923832016580413,2,5,F-12,1.0,2.0
HistGB_lr005_leaf15,11.482333940286821,17.45199841570451,18.616725470177016,1,2,F-12,3.0,3.0
HistGB_lr008_leaf31,11.826166872579115,17.91511668708403,18.344294336255864,1,3,F-12,4.0,4.0
MLP_64_32,12.48330490433506,18.254664192378698,18.791638868300748,3,6,F-12,5.0,5.0
MLP_96_48,12.964724412757207,18.812749031631952,19.019089817080218,3,7,F-12,8.0,8.0
Ridge_alpha_1,12.694455424022753,18.405866587080908,18.95790888943896,0,0,F-12,6.0,7.0
Ridge_alpha_100,12.67708074034524,18.437332091718048,18.98417745748564,0,1,F-12,7.0,6.0
ExtraTrees_depth12_leaf30,11.42674502426906,16.850700021577346,17.29652135994355,2,4,F-14,2.0,1.0
ExtraTrees_depth18_leaf100,11.436456076780752,16.71189645390374,17.395288027943476,2,5,F-14,1.0,2.0
HistGB_lr005_leaf15,12.497614180497393,19.305308488054095,20.60324214556565,1,2,F-14,6.0,3.0
HistGB_lr008_leaf31,13.016867562974976,18.702848635018718,19.70638953738098,1,3,F-14,5.0,6.0
MLP_64_32,14.094024390382362,19.960179089305072,21.301733938854007,3,6,F-14,7.0,7.0
MLP_96_48,14.550260734221675,21.36339378560342,22.19085461656301,3,7,F-14,8.0,8.0
Ridge_alpha_1,12.740290055510858,18.17976254040289,18.579782047248788,0,0,F-14,3.0,5.0
Ridge_alpha_100,12.725024696459535,18.212478606619186,18.60994573891864,0,1,F-14,4.0,4.0
ExtraTrees_depth12_leaf30,11.981989900088788,16.99567910667644,17.71905328802635,2,4,F-15 family,2.0,2.0
ExtraTrees_depth18_leaf100,11.931077702520229,16.85820723634847,17.58838013125692,2,5,F-15 family,1.0,1.0
HistGB_lr005_leaf15,12.570565512321686,18.345951329156968,19.162848610204026,1,2,F-15 family,6.0,3.0
HistGB_lr008_leaf31,12.943868685249372,17.885479673749415,18.45104563172241,1,3,F-15 family,3.0,6.0
MLP_64_32,15.486665627564662,22.470848911956175,26.013240015378123,3,6,F-15 family,7.0,7.0
MLP_96_48,16.557304508305435,26.238503578387544,29.88467441492987,3,7,F-15 family,8.0,8.0
Ridge_alpha_1,12.803963586937861,17.958532189633,18.312588627935902,0,0,F-15 family,5.0,5.0
Ridge_alpha_100,12.786642614568002,17.9518603054628,18.345291952762512,0,1,F-15 family,4.0,4.0
ExtraTrees_depth12_leaf30,11.503065292286632,18.750720260104544,20.192691262366623,2,4,F-4,4.0,2.0
ExtraTrees_depth18_leaf100,11.414816946618295,18.308461919823696,20.288976706097557,2,5,F-4,1.0,1.0
HistGB_lr005_leaf15,12.402345679742131,20.66999318244401,20.774303612427538,1,2,F-4,6.0,5.0
HistGB_lr008_leaf31,12.92448918985297,20.723925010703354,21.291762459838264,1,3,F-4,7.0,6.0
MLP_64_32,13.473346740621242,20.397928540571492,20.574419805881917,3,6,F-4,5.0,7.0
MLP_96_48,13.822616948448754,20.94526027487955,21.946774232957857,3,7,F-4,8.0,8.0
Ridge_alpha_1,12.151696950397715,18.420327357435767,20.22243236578622,0,0,F-4,2.0,4.0
Ridge_alpha_100,12.140154452544401,18.421238442280988,20.251133258248323,0,1,F-4,3.0,3.0
ExtraTrees_depth12_leaf30,11.38536640689068,16.94254973844065,17.8019017052618,2,4,F-5,2.0,2.0
ExtraTrees_depth18_leaf100,11.288579668060597,16.80603264642355,17.646781037402747,2,5,F-5,1.0,1.0
HistGB_lr005_leaf15,12.204984897464584,18.030566952387403,19.043579593675666,1,2,F-5,5.0,5.0
HistGB_lr008_leaf31,12.736134313941099,18.682951192904298,19.61056423967667,1,3,F-5,6.0,6.0
MLP_64_32,14.270965215239992,22.87178084169777,26.775726408123006,3,6,F-5,8.0,7.0
MLP_96_48,14.36061503908352,20.653675443607884,21.520271847219874,3,7,F-5,7.0,8.0
Ridge_alpha_1,12.089056405228096,17.538646094304788,18.28185817080924,0,0,F-5,3.0,4.0
Ridge_alpha_100,12.076022913313325,17.577590905596463,18.31545177272268,0,1,F-5,4.0,3.0
ExtraTrees_depth12_leaf30,11.317139045118246,18.21384374107886,20.432489418296278,2,4,F-7/F-9,2.0,2.0
ExtraTrees_depth18_leaf100,11.272106139854133,17.743950385835,20.29093295127226,2,5,F-7/F-9,1.0,1.0
HistGB_lr005_leaf15,12.188042843145482,18.864561247613622,19.064775647770237,1,2,F-7/F-9,5.0,4.0
HistGB_lr008_leaf31,12.652246329610394,19.737515659891436,20.093086389571585,1,3,F-7/F-9,6.0,6.0
MLP_64_32,14.797437025427715,26.050933326793185,28.172973899686337,3,6,F-7/F-9,7.0,7.0
MLP_96_48,14.905086608273242,26.516561519460048,27.373180143586914,3,7,F-7/F-9,8.0,8.0
Ridge_alpha_1,12.188985801218637,18.484085994048314,20.462375806801106,0,0,F-7/F-9,4.0,5.0
Ridge_alpha_100,12.177000071897371,18.47583285641918,20.486016709794715,0,1,F-7/F-9,3.0,3.0
ExtraTrees_depth12_leaf30,11.609518197791054,17.474080390683703,18.43415002224167,2,4,F-9A,4.0,2.0
ExtraTrees_depth18_leaf100,11.538882161559874,17.096960899104737,18.075619948647578,2,5,F-9A,1.0,1.0
HistGB_lr005_leaf15,12.229374826454501,17.430195607091278,17.64495132461264,1,2,F-9A,3.0,4.0
HistGB_lr008_leaf31,12.221305079145878,17.35365956636618,18.992332174239245,1,3,F-9A,2.0,3.0
MLP_64_32,12.846341987310645,17.74166371097858,19.262492061285712,3,6,F-9A,5.0,5.0
MLP_96_48,12.952062562602878,18.217971733244582,18.74363510176166,3,7,F-9A,6.0,6.0
Ridge_alpha_1,13.095183927610739,18.396235299311822,18.87045968777041,0,0,F-9A,7.0,8.0
Ridge_alpha_100,13.086946685463623,18.42570861645259,18.89560810835015,0,1,F-9A,8.0,7.0
