diagnostic,case_id,seed,condition_a,condition_b,mae_a,mae_b,distortion_a_minus_b,training_rows_a,training_rows_b,test_rows,scoring_points,scoring_coverage_m,mechanism_isolated,claim_scope
split,SPLIT_F9A,20260722,clean_family_isolation,row_leaky_replacement,9.373974889406387,9.283974580408533,0.09000030899785472,16000,16000,2343,2343,99.62999999999994,True,specified matched split contrast
split,SPLIT_F9A,20260723,clean_family_isolation,row_leaky_replacement,8.91034649349161,9.52293272935854,-0.6125862358669298,16000,16000,2343,2343,99.62999999999994,True,specified matched split contrast
split,SPLIT_F9A,20260724,clean_family_isolation,row_leaky_replacement,8.670131391201892,9.09241370695142,-0.4222823157495288,16000,16000,2343,2343,99.62999999999994,True,specified matched split contrast
split,SPLIT_F9A,20260725,clean_family_isolation,row_leaky_replacement,8.972445243212942,9.20607055793667,-0.23362531472372794,16000,16000,2343,2343,99.62999999999994,True,specified matched split contrast
split,SPLIT_F9A,20260726,clean_family_isolation,row_leaky_replacement,9.1839987190619,9.68921825612752,-0.505219537065619,16000,16000,2343,2343,99.62999999999994,True,specified matched split contrast
split,SPLIT_F14,20260722,clean_family_isolation,row_leaky_replacement,23.035906707915895,21.760479822705445,1.2754268852104502,16000,16000,1836,1836,99.84399999999994,True,specified matched split contrast
split,SPLIT_F14,20260723,clean_family_isolation,row_leaky_replacement,22.966018059344435,21.75343979506994,1.2125782642744944,16000,16000,1836,1836,99.84399999999994,True,specified matched split contrast
split,SPLIT_F14,20260724,clean_family_isolation,row_leaky_replacement,22.08749888480519,21.660386235750167,0.42711264905502233,16000,16000,1836,1836,99.84399999999994,True,specified matched split contrast
split,SPLIT_F14,20260725,clean_family_isolation,row_leaky_replacement,22.6767164618281,22.782795631590428,-0.10607916976232801,16000,16000,1836,1836,99.84399999999994,True,specified matched split contrast
split,SPLIT_F14,20260726,clean_family_isolation,row_leaky_replacement,21.593382629934258,22.847476682409425,-1.2540940524751676,16000,16000,1836,1836,99.84399999999994,True,specified matched split contrast
split,SPLIT_F5,20260722,clean_family_isolation,row_leaky_replacement,17.0002807273803,15.785047173563797,1.2152335538165033,16000,16000,2023,2023,99.9989999999998,True,specified matched split contrast
split,SPLIT_F5,20260723,clean_family_isolation,row_leaky_replacement,17.974058014629207,15.121595725783608,2.852462288845599,16000,16000,2023,2023,99.9989999999998,True,specified matched split contrast
split,SPLIT_F5,20260724,clean_family_isolation,row_leaky_replacement,17.599076229074935,15.902716770850876,1.6963594582240589,16000,16000,2023,2023,99.9989999999998,True,specified matched split contrast
split,SPLIT_F5,20260725,clean_family_isolation,row_leaky_replacement,17.943493941641133,15.899143983872865,2.0443499577682687,16000,16000,2023,2023,99.9989999999998,True,specified matched split contrast
split,SPLIT_F5,20260726,clean_family_isolation,row_leaky_replacement,17.175265190894272,15.473441758777676,1.701823432116596,16000,16000,2023,2023,99.9989999999998,True,specified matched split contrast
split,SPLIT_F15,20260722,clean_family_isolation,row_leaky_replacement,9.633277532789112,3.9572545937532317,5.67602293903588,16000,16000,1792,1792,99.92000000000007,True,specified matched split contrast
split,SPLIT_F15,20260723,clean_family_isolation,row_leaky_replacement,8.941761699517361,3.931834846223362,5.009926853293999,16000,16000,1792,1792,99.92000000000007,True,specified matched split contrast
split,SPLIT_F15,20260724,clean_family_isolation,row_leaky_replacement,8.208877900673679,4.034634850107672,4.174243050566007,16000,16000,1792,1792,99.92000000000007,True,specified matched split contrast
split,SPLIT_F15,20260725,clean_family_isolation,row_leaky_replacement,7.219306256665856,3.962902800562211,3.2564034561036452,16000,16000,1792,1792,99.92000000000007,True,specified matched split contrast
split,SPLIT_F15,20260726,clean_family_isolation,row_leaky_replacement,7.918184964370098,3.8791242329788247,4.039060731391273,16000,16000,1792,1792,99.92000000000007,True,specified matched split contrast
split,SPLIT_F7F9,20260722,clean_family_isolation,row_leaky_replacement,24.28970962037121,15.454029550868542,8.835680069502667,16000,16000,1950,1950,99.90999999999997,True,specified matched split contrast
split,SPLIT_F7F9,20260723,clean_family_isolation,row_leaky_replacement,23.47048387912508,14.883807983389334,8.586675895735747,16000,16000,1950,1950,99.90999999999997,True,specified matched split contrast
split,SPLIT_F7F9,20260724,clean_family_isolation,row_leaky_replacement,22.987269630831705,15.74827462069109,7.238995010140615,16000,16000,1950,1950,99.90999999999997,True,specified matched split contrast
split,SPLIT_F7F9,20260725,clean_family_isolation,row_leaky_replacement,24.787567486771888,15.430209078007852,9.357358408764036,16000,16000,1950,1950,99.90999999999997,True,specified matched split contrast
split,SPLIT_F7F9,20260726,clean_family_isolation,row_leaky_replacement,23.10726170264344,13.727377005298477,9.379884697344965,16000,16000,1950,1950,99.90999999999997,True,specified matched split contrast
dependence,DEP_F7F9,20260722,audited_family_exclusion,nominal_file_exclusion,23.812794929796755,10.535272774893125,13.27752215490363,16000,24000,1747,1747,99.90999999999997,False,identified dependence case; operational
dependence,DEP_F7F9,20260722,audited_family_exclusion,nominal_file_exclusion,23.812794929796762,10.873803660094234,12.938991269702528,16000,16000,1747,1747,99.90999999999997,True,identified dependence case; matched_training_size
dependence,DEP_F7F9,20260723,audited_family_exclusion,nominal_file_exclusion,23.075673134223287,10.538040660159576,12.537632474063711,16000,24000,1747,1747,99.90999999999997,False,identified dependence case; operational
dependence,DEP_F7F9,20260723,audited_family_exclusion,nominal_file_exclusion,23.07567313422329,10.868910967654786,12.206762166568504,16000,16000,1747,1747,99.90999999999997,True,identified dependence case; matched_training_size
dependence,DEP_F7F9,20260724,audited_family_exclusion,nominal_file_exclusion,22.517480670060507,10.635456350349209,11.882024319711299,16000,24000,1747,1747,99.90999999999997,False,identified dependence case; operational
dependence,DEP_F7F9,20260724,audited_family_exclusion,nominal_file_exclusion,22.5174806700605,10.761245464311298,11.756235205749203,16000,16000,1747,1747,99.90999999999997,True,identified dependence case; matched_training_size
dependence,DEP_F7F9,20260725,audited_family_exclusion,nominal_file_exclusion,24.905907052904787,10.496429613892701,14.409477439012086,16000,24000,1747,1747,99.90999999999997,False,identified dependence case; operational
dependence,DEP_F7F9,20260725,audited_family_exclusion,nominal_file_exclusion,24.905907052904794,10.996613348855062,13.909293704049732,16000,16000,1747,1747,99.90999999999997,True,identified dependence case; matched_training_size
dependence,DEP_F7F9,20260726,audited_family_exclusion,nominal_file_exclusion,23.214084452524258,10.3217016181853,12.892382834338958,16000,24000,1747,1747,99.90999999999997,False,identified dependence case; operational
dependence,DEP_F7F9,20260726,audited_family_exclusion,nominal_file_exclusion,23.214084452524254,10.78881370195594,12.425270750568314,16000,16000,1747,1747,99.90999999999997,True,identified dependence case; matched_training_size
dependence,DEP_F15F15S,20260722,audited_family_exclusion,nominal_file_exclusion,8.88325580101395,4.634494541024818,4.2487612599891325,16000,24000,1792,1792,99.92000000000007,False,identified dependence case; operational
dependence,DEP_F15F15S,20260722,audited_family_exclusion,nominal_file_exclusion,8.883255801013933,4.190998377859779,4.692257423154154,16000,16000,1792,1792,99.92000000000007,True,identified dependence case; matched_training_size
dependence,DEP_F15F15S,20260723,audited_family_exclusion,nominal_file_exclusion,8.991201642248695,4.432491074121416,4.558710568127279,16000,24000,1792,1792,99.92000000000007,False,identified dependence case; operational
dependence,DEP_F15F15S,20260723,audited_family_exclusion,nominal_file_exclusion,8.991201642248688,4.271516296721743,4.719685345526945,16000,16000,1792,1792,99.92000000000007,True,identified dependence case; matched_training_size
dependence,DEP_F15F15S,20260724,audited_family_exclusion,nominal_file_exclusion,7.792991300179663,5.044711258663067,2.7482800415165958,16000,24000,1792,1792,99.92000000000007,False,identified dependence case; operational
dependence,DEP_F15F15S,20260724,audited_family_exclusion,nominal_file_exclusion,7.792991300179657,4.069768221021827,3.7232230791578296,16000,16000,1792,1792,99.92000000000007,True,identified dependence case; matched_training_size
dependence,DEP_F15F15S,20260725,audited_family_exclusion,nominal_file_exclusion,7.246931236971278,4.991736590576286,2.255194646394992,16000,24000,1792,1792,99.92000000000007,False,identified dependence case; operational
dependence,DEP_F15F15S,20260725,audited_family_exclusion,nominal_file_exclusion,7.246931236971274,4.1103234867952265,3.136607750176047,16000,16000,1792,1792,99.92000000000007,True,identified dependence case; matched_training_size
dependence,DEP_F15F15S,20260726,audited_family_exclusion,nominal_file_exclusion,7.902905997209069,4.529976842992763,3.3729291542163056,16000,24000,1792,1792,99.92000000000007,False,identified dependence case; operational
dependence,DEP_F15F15S,20260726,audited_family_exclusion,nominal_file_exclusion,7.902905997209066,4.490970771290671,3.411935225918395,16000,16000,1792,1792,99.92000000000007,True,identified dependence case; matched_training_size
